,Product Name,Prices,Description,Reviews
0,DELL Vostro Intel Core i3 12th Gen 1215U - (8 GB/512 GB SSD/Windows 11 Home) Vostro 3520 Thin and Ligh...,"₹31,720",Intel Core i3 Processor (12th Gen),4.2
1,MICROSOFT Laptop Go 3 Intel Core i5 12th Gen 1235U - (8 GB/256 GB SSD/Windows 11 Home) XK1-00045 Thin ...,"₹69,990",8 GB DDR4 RAM,4.3
2,DELL Intel Core i3 12th Gen 1215U - (8 GB/512 GB SSD/Windows 11 Home) New Inspiron 15 Laptop Thin and ...,"₹33,640",64 bit Windows 11 Home Operating System,4.2
3,HP (15s-fq5007TU) Intel Core i3 12th Gen 1215U - (8 GB/512 GB SSD/Windows 11 Home) 15s-fq5327TU Thin a...,"₹37,000",512 GB SSD,4.2
4,ASUS Chromebook Intel Celeron Dual Core N4500 - (4 GB/128 GB EMMC Storage/Chrome OS) CX1500CKA-NJ0413 ...,"₹17,990",39.62 cm (15.6 inch) Display,3.8
5,Infinix Y4 Max Series Intel Core i5 13th Gen 1335U - (16 GB/512 GB SSD/Windows 11 Home) YL613 Thin and...,"₹38,990",Office Home & Student 2021,4.3
6,Lenovo AMD Ryzen 3 Quad Core 7330U - (8 GB/512 GB SSD/Windows 11 Home) ThinkBook 15 G5 Thin and Light ...,"₹31,990",1 Year Onsite Hardware Service,4.1
7,Lenovo V15 AMD Ryzen 3 Quad Core 7320U - (8 GB/512 GB SSD/Windows 11 Home) V15 G4 AMN 1 Thin and Light...,"₹28,490",Intel Core i5 Processor (12th Gen),4.2
8,HP 15 (2024) AMD Ryzen 3 Quad Core 7320U - (8 GB/512 GB SSD/Windows 11 Home) 15-fc0154AU Thin and Ligh...,"₹32,490",8 GB LPDDR5 RAM,4.2
9,CHUWI Intel Core i5 10th Gen 1035G1 - (16 GB/512 GB SSD/Windows 11 Home) CoreBook X Grey Laptop,"₹25,990",Windows 11 Operating System,4.1
10,HP AMD Ryzen 5 Hexa Core 5500U - (16 GB/512 GB SSD/Windows 11 Home) 15s-eq2305AU Thin and Light Laptop,"₹40,990",256 GB SSD,4.3
11,ZEBRONICS Pro Series Z Intel Core i5 12th Gen 1235U - (8 GB/512 GB SSD/Windows 11 Home) ZEB-NBC 4S Thi...,"₹27,990",31.5 cm (12.4 Inch) Touchscreen Display,3.9
12,ASUS Vivobook 15 Intel Core i3 12th Gen 1215U - (16 GB/512 GB SSD/Windows 11 Home) X1504ZA-NJ342WS Thi...,"₹36,990",1 Year Onsite Warranty,4.3
13,DELL Intel Core i3 12th Gen 1215U - (8 GB/512 GB SSD/Windows 11 Home) Inspiron 3520 Thin and Light Lap...,"₹32,680",Processor: Intel i3-1215U (Base- 0.9 GHz & Turbo up to 4.40 GHz) 6 Cores,4.2
14,ASUS TUF Gaming F17 - AI Powered Gaming Intel Core i5 11th Gen 11400H - (16 GB/512 GB SSD/Windows 11 H...,"₹50,990",RAM & Storage: 8GB DDR4 & 512GB SSD,4.3
15,"DELL Inspiron 15 with Backlit Keyboard, Intel Core i5 13th Gen 1334U - (16 GB/512 GB SSD/Windows 11 Ho...","₹54,200",Graphics & Keyboard: Integrated & Standard Keyboard,4.2
16,Primebook Wifi MediaTek MT8183 - (4 GB/64 GB EMMC Storage/Prime OS) PB Wifi Thin and Light Laptop,"₹10,990","Display: 15.6"" FHD WVA AG 120Hz 250 nits Narrow Border",4.2
17,Acer Aspire 7 Intel Core i5 12th Gen 12450H - (16 GB/512 GB SSD/Windows 11 Home/4 GB Graphics/NVIDIA G...,"₹54,990",Intel Core i3 Processor (12th Gen),4.2
18,ASUS Vivobook Go 15 AMD Ryzen 3 Quad Core 7320U - (8 GB/512 GB SSD/Windows 11 Home) E1504FA-NJ321WS Th...,"₹30,980",8 GB DDR4 RAM,4.2
19,HP Laptop Intel Core i3 12th Gen 1215U - (8 GB/256 GB SSD/Windows 11 Home) 15s-fy5010TU Thin and Light...,"₹32,990",64 bit Windows 11 Operating System,4.2
20,HP 15s Intel Core i3 13th Gen 1315U - (8 GB/512 GB SSD/Windows 11 Home) 15-fd0006TU Thin and Light Lap...,"₹39,990",512 GB SSD,4.1
21,DELL Intel Core i5 13th Gen 1334U - (8 GB/512 GB SSD/Windows 11 Home) Inspiron 3530 Thin and Light Lap...,"₹48,390",96.52 cm (38 cm) Display,4.2
22,SAMSUNG Galaxy Book4 Intel Core i7 13th Gen 1355U - (16 GB/512 GB SSD/Windows 11 Home) NP750XGJ-KG3IN ...,"₹69,990",1 Year Onsite Hardware Service,4.5
23,Lenovo IdeaPad Slim 3 Intel Core i5 12th Gen 12450H - (8 GB/512 GB SSD/Windows 11 Home) 15IAH8 Thin an...,"₹45,990",Intel Core i3 Processor (12th Gen),4.2
24,ASUS Expertbook Intel Core i7 12th Gen 1255U - (16 GB/512 GB SSD/Windows 11 Home) B1402CBA-NK2417WS Th...,"₹50,990",8 GB DDR4 RAM,4.1
25,Lenovo IdeaPad Slim 3 Intel Core i5 12th Gen 12450H - (8 GB/512 GB SSD/Windows 11 Home) 15IAH8 Thin an...,"₹45,990",64 bit Windows 11 Operating System,4.2
26,Lenovo Intel Core i7 12th Gen 1255U - (16 GB/512 GB SSD/Windows 11 Home) V15 G3 IAP Thin and Light Lap...,"₹50,990",512 GB SSD,4.1
27,Lenovo AMD Ryzen 7 Octa Core 7730U - (16 GB/512 GB SSD/Windows 11 Home) V15 G4 Thin and Light Laptop,"₹39,990",100.58 cm (39.6 cm) Display,4.2
28,Lenovo IdeaPad 3 Intel Core i3 12th Gen 1215U - (8 GB/512 GB SSD/Windows 11 Home) 15IAU7 Thin and Ligh...,"₹33,250",Microsoft Office Home & Student 2021,4.4
29,DELL Intel Core i3 13th Gen 1305U - (8 GB/512 GB SSD/Windows 11 Home) Inspiron 3530 Thin and Light Lap...,"₹38,240",1 Year Onsite Warranty,4.2
30,Acer Aspire Lite Intel Core i3 12th Gen 1215U - (16 GB/512 GB SSD/Windows 11 Home) AL15-52 Thin and Li...,"₹31,990",Intel Celeron Dual Core Processor,4.1
31,ASUS TUF Gaming F15 Intel Core i5 12th Gen 12500H - (16 GB/512 GB SSD/Windows 11 Home/4 GB Graphics/NV...,"₹67,990",4 GB LPDDR4X RAM,4.4
32,HP Pavilion Intel Core i5 12th Gen 1235U - (16 GB/512 GB SSD/Windows 11 Home) 14-dv2014TU Thin and Lig...,"₹59,990",Chrome Operating System,4.3
33,HP 15s AMD Ryzen 3 Quad Core 7320U - (8 GB/512 GB SSD/Windows 11 Home) 15-fc0026AU Thin and Light Lapt...,"₹32,990",39.62 cm (15.6 Inch) Display,4.3
34,Acer Swift Go 14 AMD Ryzen 5 Hexa Core 7430U - (16 GB/512 GB SSD/Windows 11 Home) SFG14-41-R6G9 Thin a...,"₹42,990",1 Year Onsite Warranty,4.2
35,Thomson NEO Core Series Intel Core i5 12th Gen 1235U - (16 GB/512 GB SSD/Windows 11 Home) IN-N15I Thin...,"₹32,990",Intel Core i5 Processor (13th Gen),4.3
36,Lenovo V14 Intel Core i5 12th Gen 1235U - (16 GB/512 GB SSD/Windows 11 Home) V 14 Thin and Light Lapto...,"₹37,459",16 GB LPDDR4X RAM,4.1
37,ASUS Vivobook Go 15 AMD Ryzen 5 Quad Core 7520U - (8 GB/512 GB SSD/Windows 11 Home) E1504FA-NJ522WS Th...,"₹35,900",Windows 11 Operating System,4.2
38,Lenovo Chromebook MediaTek Kompanio 520 - (8 GB/128 GB EMMC Storage/Chrome OS) 14M868 Chromebook,"₹19,990",512 GB SSD,3.8
39,Acer Aspire 3 Intel Core i3 13th Gen 1305U - (8 GB/512 GB SSD/Windows 11 Home) A324-53 Thin and Light ...,"₹32,990",40.64 cm (16 inch) Display,4.2
40,Acer Aspire 3 Intel Celeron Dual Core N4500 - (8 GB/256 GB SSD/Windows 11 Home) A324-45 Thin and Light...,"₹19,990",NA,4.1
41,ASUS Vivobook Go 15 AMD Ryzen 3 Quad Core 7320U - (8 GB/512 GB SSD/Windows 11 Home) E1504FA-NJ322WS Th...,"₹30,990",1 Year Onsite Warranty,4.2
42,ASUS Vivobook 15 Intel Core i5 12th Gen 1235U - (8 GB/512 GB SSD/Windows 11 Home) X1504ZA-NJ521WS|X150...,"₹42,990",AMD Ryzen 3 Quad Core Processor,4.2
43,Lenovo IdeaPad Slim 3 Intel Core i5 13th Gen 13420H - (16 GB/512 GB SSD/Windows 11 Home) 15IRH8 Thin a...,"₹55,990",8 GB DDR4 RAM,4.3
44,MSI Modern 15 Intel Core i3 12th Gen 1215U - (8 GB/512 GB SSD/Windows 11 Home) Modern 15 B12MO-613IN T...,"₹33,990",Windows 11 Operating System,4.3
45,Acer One 11 Intel Celeron Dual Core N4500 - (8 GB/256 GB SSD/Windows 11 Home) AO 11 Z8-284 Thin and Li...,"₹17,990",512 GB SSD,3.6
46,"DELL Inspiron 15 with Backlit Keyboard, Intel Core i7 13th Gen 1355U - (16 GB/512 GB SSD/Windows 11 Ho...","₹66,999",39.62 cm (15.6 Inch) Display,4.2
47,Lenovo IdeaPad 3 Intel Core i3 12th Gen 1215U - (16 GB/512 GB SSD/Windows 11 Home) 14IAU7 Thin and Lig...,"₹57,790",1 Year Onsite warranty,4.2
48,"DELL Inspiron 15 3520 with Backlit Keyboard, Intel Core i5 12th Gen Core i5 - (16 GB/512 GB SSD/Window...","₹48,690",AMD Ryzen 3 Quad Core Processor,4.1
49,Infinix Y4 Max Series Intel Core i3 13th Gen 1315U - (8 GB/512 GB SSD/Windows 11 Home) YL613 Thin and ...,"₹29,990",8 GB LPDDR5 RAM,4.2
50,Lenovo IdeaPad 3 Intel Core i3 12th Gen 1215U - (16 GB/512 GB SSD/Windows 11 Home) 14IAU7 Thin and Lig...,"₹57,790",Windows 11 Operating System,4.2
51,Acer Chromebook Intel Celeron Dual Core N4500 - (8 GB/128 GB EMMC Storage/Chrome OS) CB314-3H-C5QE/ CB...,"₹13,990",512 GB SSD,3.7
52,Acer Aspire Lite AMD Ryzen 5 Hexa Core 5625U - (16 GB/1 TB SSD/Windows 11 Home) AL15-41 Thin and Light...,"₹37,990",100.63 cm (39.62 cm) Display,4
53,ZEBRONICS Pro Series Z Intel Core i5 12th Gen 1235U - (8 GB/512 GB SSD/Windows 11 Home) ZEB-NBC 4S Thi...,"₹27,990",1 Year Onsite Warranty,3.9
54,ASUS TUF Gaming A15 AMD Ryzen 5 Hexa Core 7535HS - (16 GB/512 GB SSD/Windows 11 Home/4 GB Graphics/NVI...,"₹58,990",AMD Ryzen 3 Quad Core Processor,4.4
55,Acer One 11 Intel Celeron Dual Core N4500 - (8 GB/256 GB SSD/Windows 11 Home) AO 11 Z8-284 Thin and Li...,"₹17,990",8 GB DDR4 RAM,3.6
56,HP Victus Intel Core i7 13th Gen 13620H - (16 GB/1 TB SSD/Windows 11 Home/6 GB Graphics/NVIDIA GeForce...,"₹87,999",Windows 11 Operating System,4.2
57,ASUS Vivobook Go 15 OLED AMD Ryzen 5 Quad Core 7520U - (16 GB/512 GB SSD/Windows 11 Home) E1504FA-LK54...,"₹50,990",512 GB SSD,4.4
58,Thomson NEO Core Series Intel Core i5 12th Gen 1235U - (16 GB/512 GB SSD/Windows 11 Home) IN-N15I Thin...,"₹32,990",39.62 cm (15.6 Inch) Display,4.3
59,ASUS Vivobook 15 Intel Core i5 12th Gen 1235U - (16 GB/512 GB SSD/Windows 11 Home) X1502ZA-EJ545WS Thi...,"₹47,990",1 Year Onsite Warranty,4.2
60,HP Intel Core i3 12th Gen 1215U - (8 GB/512 GB SSD/Windows 11 Home) 15s-fy5006TU Thin and Light Laptop,"₹35,990",Intel Core i5 Processor (10th Gen),4.2
61,Lenovo IdeaPad Slim 5 AI PC Intel Core Ultra 5 125H - (16 GB/1 TB SSD/Windows 11 Home) 16IMH9 Thin and...,"₹79,190",16 GB DDR4 RAM,4.2
62,Lenovo IdeaPad Slim 1 Intel Celeron Dual Core N4020 - (8 GB/256 GB SSD/Windows 11 Home) 14IGL7 Thin an...,"₹25,490",Windows 11 Home Operating System,4.1
63,ASUS Vivobook 14 Intel Core i3 13th Gen 1315U - (8 GB/512 GB SSD/Windows 11 Home) X1404VA-NK322WS Thin...,"₹36,990",512 GB SSD,3.9
64,MSI Modern 15 AMD Ryzen 5 Hexa Core 7530U - (8 GB/512 GB SSD/Windows 11 Home) Modern 15 B7M-072IN Thin...,"₹39,990",35.56 cm (14 inch) Display,4.4
65,"ASUS Vivobook 15, with Backlit Keyboard, Intel Core i5 12th Gen 1235U - (16 GB/512 GB SSD/Windows 11 H...","₹47,990","WPS Office, Operating System Software",4.2
66,HP Victus AMD Ryzen 5 Octa Core 5600H - (16 GB/512 GB SSD/Windows 11 Home/4 GB Graphics/AMD Radeon RX ...,"₹54,670",1 Year Onsite Warranty,4.5
67,Lenovo V15 AMD Ryzen 7 Octa Core 7730U - (16 GB/512 GB SSD/Windows 11 Home) v15 G4 Business Laptop,"₹39,490",AMD Ryzen 5 Hexa Core Processor,4
68,ASUS TUF Gaming F15 - AI Powered Gaming Intel Core i5 11th Gen 11260H - (8 GB/512 GB SSD/Windows 11 Ho...,"₹47,990",16 GB DDR4 RAM,4.3
69,ASUS Vivobook Go 15 AMD Ryzen 5 Quad Core 7520U - (8 GB/512 GB SSD/Windows 11 Home) E1504FA-NJ521WS Th...,"₹35,990",Windows 11 Operating System,4.2
70,HP 255 G9 Silver AMD Ryzen 5 Hexa Core AMD Ryzen5-5625U - (8 GB/512 GB SSD/Windows 11 Home) 255 G9 Bus...,"₹31,700",512 GB SSD,4.1
71,HP AMD Ryzen 5 Hexa Core 5500U - (8 GB/512 GB SSD/Windows 11 Home) 15s- eq2144au Thin and Light Laptop,"₹37,022",39.62 cm (15.6 Inch) Display,4.2
72,ASUS Vivobook S14 OLED Intel EVO H-Series Intel Core i5 12th Gen 12500H - (16 GB/512 GB SSD/Windows 11...,"₹67,990",1 Year Onsite warranty,4.4
73,HP Laptop Intel Core i5 12th Gen 1235U - (8 GB/512 GB SSD/Windows 11 Home) 15s-fq5329TU Thin and Light...,"₹46,490",Intel Core i5 Processor (12th Gen),4.1
74,Acer Chromebook Intel Celeron Dual Core N4500 - (8 GB/128 GB EMMC Storage/Chrome OS) CB314-3H-C5QE/ CB...,"₹13,990",8 GB DDR4 RAM,3.7
75,Lenovo IdeaPad Slim 1 AMD Ryzen 5 Quad Core 7520U - (8 GB/512 GB SSD/Windows 11 Home) 15AMN7 Thin and ...,"₹32,990",Windows 11 Operating System,4
76,DELL AMD Ryzen 5 Dual Core 7520U - (8 GB/512 GB SSD/Windows 11 Home) Inspiron 3535 Thin and Light Lapt...,"₹34,890",512 GB SSD,4.7
77,"ASUS Vivobook 15, with Backlit Keyboard, Intel Core i5 12th Gen 1235U - (8 GB/512 GB SSD/Windows 11 Ho...","₹42,990",39.62 cm (15.6 inch) Display,4.4
78,Acer Aspire 3 Intel Core i7 12th Gen 1255U - (16 GB/1 TB SSD/Windows 11 Home) A324-51 Thin and Light L...,"₹55,990",1 Year Carry-in Warranty,4.3
79,HP AMD Ryzen 5 Hexa Core 5500U - (8 GB/512 GB SSD/Windows 11 Home) 15s- eq2144au Thin and Light Laptop,"₹37,022",Intel Core i3 Processor (12th Gen),4.2
80,ASUS Vivobook 15X Intel Core i5 13th Gen 1335U - (16 GB/512 GB SSD/Windows 11 Home) K3504VAB-NJ541WS T...,"₹50,990",16 GB DDR4 RAM,4.1
81,Lenovo IdeaPad Flex 5 AMD Ryzen 5 Hexa Core 7530U - (16 GB/512 GB SSD/Windows 11 Home) 14ABR8 2 in 1 L...,"₹60,389",Windows 11 Operating System,4.2
82,MSI Thin 15 Intel Core i5 12th Gen 12450H - (16 GB/512 GB SSD/Windows 11 Home/4 GB Graphics/NVIDIA GeF...,"₹54,990",512 GB SSD,4.3
83,ASUS Vivobook Go 15 AMD Ryzen 5 Quad Core 7520U - (8 GB/512 GB SSD/Windows 11 Home) E1504FA-NJ521WS Th...,"₹35,990",39.62 cm (15.6 Inch) Display,4.2
84,Lenovo IdeaPad Slim 3 Intel Core i5 12th Gen 12450H - (16 GB/512 GB SSD/Windows 11 Home) 14IAH8 Thin a...,"₹53,460",1 Year Onsite Warranty,4.1
85,Acer Aspire Intel Core i3 13th Gen 1305U - (8 GB/512 GB SSD/Windows 11 Home) AL15-53 Notebook,"₹32,990",Intel Core i3 Processor (12th Gen),4.4
86,ASUS TUF Gaming A15 AMD Ryzen 7 Octa Core 7435HS - (16 GB/512 GB SSD/Windows 11 Home/4 GB Graphics/NVI...,"₹59,990",8 GB DDR4 RAM,4.2
87,"ASUS Vivobook 16X for Creator, Intel Core i7 12th Gen 12700H - (16 GB/512 GB SSD/Windows 11 Home/4 GB ...","₹74,990",Windows 11 Operating System,4.3
88,Lenovo IdeaPad Slim 1 Intel Celeron Dual Core N4020 - (8 GB/256 GB SSD/Windows 11 Home) 14IGL7 Thin an...,"₹25,490",512 GB SSD,4.1
89,ASUS Vivobook Go 15 OLED AMD Ryzen 3 Quad Core 7320U - (8 GB/512 GB SSD/Windows 11 Home) E1504FA-LK322...,"₹38,990",39.62 cm (15.6 Inch) Display,4.4
90,Colorful Evol P15 Intel Core i7 13th Gen 13620H - (16 GB/512 GB SSD/Windows 11 Home/8 GB Graphics/NVID...,"₹83,990",1 Year Onsite Warranty,4.5
91,HP Chromebook Intel Celeron Dual Core N4120 - (4 GB/64 GB EMMC Storage/Chrome OS) 14a-ca0506TU Chromeb...,"₹28,788",Intel Core i5 Processor (11th Gen),3.9
92,DELL Intel Core i3 13th Gen - (8 GB/512 GB SSD/Windows 11 Home) 3530 Thin and Light Laptop,"₹37,480",16 GB DDR4 RAM,4.2
93,ASUS Vivobook S 15 OLED Intel EVO H-Series Intel Core i5 13th Gen 13500H - (16 GB/512 GB SSD/Windows 1...,"₹75,990",Windows 11 Operating System,4.6
94,HP Victus AMD Ryzen 5 Octa Core 5600H - (16 GB/512 GB SSD/Windows 11 Home/4 GB Graphics/AMD Radeon RX ...,"₹54,670",512 GB SSD,4.5
95,Lenovo IdeaPad 1 AMD Athlon Dual Core 7120U - (8 GB/512 GB SSD/Windows 11 Home) 15AMN7 Thin and Light ...,"₹23,690",43.94 cm (17.3 Inch) Display,4.2
96,Lenovo IdeaPad Slim 1 AMD Ryzen 5 Quad Core 7520U - (8 GB/512 GB SSD/Windows 11 Home) 15AMN7 Thin and ...,"₹32,990",1 Year Onsite Warranty,4
97,HP 255 G10 (2024) AMD Ryzen 3 Quad Core 7320U - (8 GB/512 GB SSD/Windows 11 Home) 250 G10 Thin and Lig...,"₹26,999",Intel Core i5 Processor (13th Gen),4.4
98,HP Chromebook Intel Celeron Dual Core N4120 - (4 GB/64 GB EMMC Storage/Chrome OS) 14a-ca0506TU Chromeb...,"₹28,788",16 GB DDR4 RAM,3.9
99,Colorful Evol P15 Intel Core i7 13th Gen 13620H - (16 GB/512 GB SSD/Windows 11 Home/8 GB Graphics/NVID...,"₹83,990",64 bit Windows 11 Operating System,4.5
100,Acer Aspire Lite AMD Ryzen 5 Hexa Core 5625U - (16 GB/512 GB SSD/Windows 11 Home) AL15-41 Thin and Lig...,"₹35,990",512 GB SSD,4
101,Acer Aspire 3 Intel Core i7 12th Gen 1255U - (16 GB/1 TB SSD/Windows 11 Home) A324-51 Thin and Light L...,"₹55,990",39.62 cm (15.6 inch) Display,4.3
102,Lenovo IdeaPad Slim 5 Intel Core i5 13th Gen - (16 GB/512 GB SSD/Windows 11 Home) 82XD003MIN Thin and ...,"₹63,990",1 Year Onsite Hardware Service,4.1
103,HP Victus Intel Core i5 12th Gen 12450H - (16 GB/512 GB SSD/Windows 11 Pro/4 GB Graphics/NVIDIA GeForc...,"₹68,990",MediaTek MT8183 Processor,4.3
104,Acer Aspire Lite AMD Ryzen 3 Quad Core 5300U - (8 GB/512 GB SSD/Windows 11 Home) AL15-41 Thin and Ligh...,"₹26,990",4 GB LPDDR4 RAM,4.1
105,HP AMD Athlon Dual Core 3050U - (8 GB/512 GB SSD/Windows 11 Home) 15s- eq1559AU Thin and Light Laptop,"₹26,490",Android Operating System,4
106,ASUS Vivobook S 15 OLED Intel EVO H-Series Intel Core i5 13th Gen 13500H - (16 GB/512 GB SSD/Windows 1...,"₹75,990",29.46 cm (11.6 Inch) Display,4.6
107,ASUS ROG Ally AMD Ryzen Z1 Octa Core Extreme - (16 GB/512 GB SSD/Windows 11 Home) RC71L-NH001W Handhel...,"₹39,990",1 Year Pick and Drop Warranty,4.4
108,Acer Aspire Lite AMD Ryzen 7 Octa Core 5700U - (16 GB/1 TB SSD/Windows 11 Home) AL15-41 Thin and Light...,"₹39,990",Intel Core i5 Processor (12th Gen),4.1
109,MSI Modern 15 Intel Core i3 12th Gen 1215U - (16 GB/512 GB SSD/Windows 11 Home) Modern 15 B12MO-612IN ...,"₹36,990",16 GB DDR4 RAM,4.3
110,"ASUS Vivobook 15, with Backlit Keyboard, Intel Core i5 13th Gen 1335U - (8 GB/512 GB SSD/Windows 11 Ho...","₹45,990",Windows 11 Operating System,4.1
111,"Acer Aspire 3 with Backlit Keyboard, Intel Core i5 12th Gen 1235U - (16 GB/1 TB SSD/Windows 11 Home) A...","₹43,990",512 GB SSD,4.1
112,"ASUS Vivobook 16X for Creator, Intel Core i7 12th Gen 12700H - (16 GB/512 GB SSD/Windows 11 Home/4 GB ...","₹74,990",39.62 cm (15.6 Inch) Display,4.3
113,HP (2024) Intel Core i3 12th Gen 1215U - (8 GB/512 GB SSD/Windows 11 Home) 15-fd0061TU Thin and Light ...,"₹36,490",1 Year Onsite Warranty,3.9
114,ASUS Vivobook S 15 OLED Intel Core i9 13th Gen 13900H - (16 GB/512 GB SSD/Windows 11 Home) S5504VA-MA9...,"₹91,990",AMD Ryzen 3 Quad Core Processor,4.1
115,Primebook S Wifi MediaTek MT8183 - (4 GB/128 GB EMMC Storage/Prime OS) PB S Wifi Thin and Light Laptop,"₹13,990",8 GB LPDDR5 RAM,2.5
116,FUTOPIA Ultimus Pro Intel Dual Core Upto 2.8GHz - (8 GB/256 GB SSD/Windows 11 Home) NU14U3INC54BN.MB T...,"₹15,990",Windows 11 Operating System,4.6
117,Infinix X Air Pro+ Intel Core i5 13th Gen 1334U - (16 GB/512 GB SSD/Windows 11 Home) XL434 Thin and Li...,"₹49,990",512 GB SSD,4.4
118,ASUS Vivobook Go 15 OLED AMD Ryzen 3 Quad Core 7320U - (8 GB/512 GB SSD/Windows 11 Home) E1504FA-LK322...,"₹38,990",39.62 cm (15.6 Inch) Display,3.8
119,Lenovo Chromebook MediaTek Kompanio 520 - (4 GB/128 GB EMMC Storage/Chrome OS) 14M868 Chromebook,"₹15,980",1 Year Onsite Warranty,4.2
120,HP FQ Series Intel Core i3 12th Gen 1215U - (8 GB/1 TB SSD/Windows 11 Home) 15s-FQ5328TU Thin and Ligh...,"₹39,990",Intel Core i3 Processor (12th Gen),4.3
121,HP Pavilion 15 (2024) AMD Ryzen 5 Hexa Core 7530U - (8 GB/512 GB SSD/Windows 11 Home) 15-eh3036AU Thin...,"₹43,899",8 GB DDR4 RAM,4.3
122,HP Pavilion Intel Core i5 13th Gen 1340P - (16 GB/512 GB SSD/Windows 11 Home) 15-eg3079TU Thin and Lig...,"₹67,990",Windows 11 Home Operating System,4.3
123,MSI Modern 15 Intel Core i3 12th Gen 1215U - (8 GB/512 GB SSD/Windows 11 Home) Modern 15 B12MO-613IN T...,"₹33,990",256 GB SSD,4
124,HP Pavilion 14 Touchscreen Intel Core i5 12th Gen 1235U - (16 GB/512 GB SSD/Windows 11 Home) Pavilion ...,"₹61,990",100.58 cm (39.6 cm) Display,4.4
125,Acer Predator Neo Intel Core i5 13th Gen 13500HX - (16 GB/512 GB SSD/Windows 11 Home/6 GB Graphics/NVI...,"₹94,990",1 Year Carry-in Warranty,4
126,Lenovo IdeaPad Flex 5 Intel Core i5 12th Gen 1235U - (8 GB/512 GB SSD/Windows 11 Home) 14IAU7 2 in 1 L...,"₹60,900",Intel Core i3 Processor (13th Gen),4.4
127,Acer Aspire Intel Core i3 13th Gen 1305U - (8 GB/512 GB SSD/Windows 11 Home) AL15-53 Notebook,"₹32,990",8 GB DDR4 RAM,4.3
128,ASUS Vivobook Go 14 AMD Ryzen 3 Quad Core 7320U - (8 GB/512 GB SSD/Windows 11 Home) E1404FA-NK321WS Th...,"₹30,899",64 bit Windows 11 Operating System,4.2
129,Acer Aspire 3 Intel Core i3 12th Gen 1215U - (8 GB/512 GB SSD/Windows 11 Home) A324-51 Thin and Light ...,"₹29,990",512 GB SSD,4.3
130,Lenovo Intel Core i3 12th Gen - (16 GB/512 GB SSD/Windows 11 Home) V14 Thin and Light Laptop,"₹32,490",39.62 cm (15.6 Inch) Display,4.8
131,ASUS Vivobook 16 Intel Core i5 12th Gen 12500H - (16 GB/512 GB SSD/Windows 11 Home) X1605ZAC-MB540WS T...,"₹52,990",1 Year Onsite Warranty,4.3
132,ASUS TUF Gaming F17 - AI Powered Gaming Intel Core i5 11th Gen 11400H - (8 GB/512 GB SSD/Windows 11 Ho...,"₹48,990",Intel Core i5 Processor (13th Gen),4
133,Lenovo IdeaPad 1 Intel Celeron Dual Core N4020 - (8 GB/512 GB SSD/Windows 11 Home) 14IGL7/ 15IGL7 Thin...,"₹25,490",8 GB DDR4 RAM,4.4
134,"ASUS Vivobook 15, with Backlit Keyboard, Intel Core i5 12th Gen 1235U - (8 GB/512 GB SSD/Windows 11 Ho...","₹42,990",64 bit Windows 11 Operating System,4.3
135,HP Victus Intel Core i5 12th Gen - (16 GB/512 GB SSD/Windows 11 Home/4 GB Graphics/NVIDIA GeForce RTX ...,"₹60,990",512 GB SSD,4
136,HP 250R G9 (2024) Intel Core i3 13th Gen Intel Core i3 - 1315U (13th Gen) - (8 GB/512 GB SSD/Windows 1...,"₹31,999",39.62 cm (15.6 inch) Display,4.2
137,HP G9 AMD Ryzen 5 Hexa Core 5th Gen 5625U - (16 GB/512 GB SSD/Windows 11 Home) 7B1L8PA Notebook,"₹33,890",1 Year Onsite Hardware Service,4.3
138,ASUS X1504ZA Intel Core i3 12th Gen 12th Gen Intel Core i3-1215U - (8 GB/512 GB SSD/Windows 11 Home) X...,"₹31,777",Intel Core i7 Processor (13th Gen),4.3
139,Lenovo IdeaPad Slim 3 Backlit Intel Core i5 12th Gen 12450H - (16 GB/512 GB SSD/Windows 11 Home) 15IAH...,"₹51,750",16 GB LPDDR4X RAM,4.3
140,MSI Katana A15 AI AMD Ryzen 7 Octa Core 8845HS - (16 GB/512 GB SSD/Windows 11 Home/6 GB Graphics/NVIDI...,"₹99,990",Windows 11 Operating System,4.3
141,Acer Swift Go 14 AMD Ryzen 7 Octa Core 7730U - (16 GB/512 GB SSD/Windows 11 Home) SFG14-41 Thin and Li...,"₹49,990",512 GB SSD,3.7
142,CHUWI Intel Celeron Dual Core 11th Gen N4020 - (8 GB/256 GB SSD/Windows 11 Home) HeroBook Plus Laptop,"₹18,990",39.62 cm (15.6 Inch) Display,4.3
143,HP 14s Intel Core i3 11th Gen 1115G4 - (8 GB/512 GB SSD/Windows 11 Home) 14s - dy2508TU Thin and Light...,"₹43,990",1 Year Manufacturer Warranty for Laptop and 6 Months for In-Box Accessories,4.3
144,Apple Apple M3 - (16 GB/256 GB SSD/macOS Sequoia) MC8G4HN/A,"₹1,14,900",Intel Core i5 Processor (12th Gen),3.9
145,ASUS Vivobook Go 14 AMD Ryzen 3 Quad Core 7320U - (8 GB/512 GB SSD/Windows 11 Home) E1404FA-NK321WS Th...,"₹30,899",8 GB LPDDR5 RAM,4.1
146,DELL core i5 Intel Core i5 12th Gen - (8 GB/512 GB SSD/Windows 11 Home) Inspiron 3520 / D560871WIN9B L...,"₹46,490",Windows 11 Operating System,4.4
147,ASUS Vivobook 15 Intel Core i5 13th Gen 1335U - (16 GB/512 GB SSD/Windows 11 Home) X1504VA-NJ540WS Thi...,"₹51,990",512 GB SSD,3.9
148,Acer Predator Neo Intel Core i5 13th Gen 13500HX - (16 GB/512 GB SSD/Windows 11 Home/6 GB Graphics/NVI...,"₹94,990",39.62 cm (15.6 Inch) Display,5
149,ZEBRONICS Pro Series Z Intel Core i5 12th Gen 1235U - (8 GB/512 GB SSD/Windows 11 Home) ZEB-NBC 4S Thi...,"₹27,990",1 Yr. Onsite,4.3
150,ASUS TUF Gaming A16 Advantage Edition AMD Ryzen 7 Octa Core 7435HS - (16 GB/512 GB SSD/Windows 11 Home...,"₹79,990",Intel Core i7 Processor (12th Gen),4.3
151,MSI Katana A15 AI AMD Ryzen 7 Octa Core 8845HS - (16 GB/512 GB SSD/Windows 11 Home/6 GB Graphics/NVIDI...,"₹99,990",16 GB DDR4 RAM,4.1
152,DELL Latitude 3540 Intel Core i3 12th Gen - (8 GB/512 GB SSD/Ubuntu) Latitude 3540 Laptop,"₹30,890",Windows 11 Operating System,4.1
153,Lenovo IdeaPad Slim 5 Intel Core i5 13th Gen - (16 GB/512 GB SSD/Windows 11 Home) 82XD003MIN Thin and ...,"₹63,990",512 GB SSD,4.1
154,DELL Intel Core i5 13th Gen - (16 GB/1 TB SSD/Windows 11 Home/6 GB Graphics/NVIDIA GeForce RTX 3050) G...,"₹74,500",35.56 cm (14 Inch) Display,4.7
155,Acer Aspire 3 Intel Celeron Dual Core N4500 - (8 GB/256 GB SSD/Windows 11 Home) A325-45 Thin and Light...,"₹21,990",1 Year Onsite Warranty,4.5
156,MSI Sword 16 HX Intel Core i7 13th Gen 13700HX - (16 GB/1 TB SSD/Windows 11 Home/8 GB Graphics/NVIDIA ...,"₹1,09,990",Intel Core i5 Processor (12th Gen),4.3
157,HP OMEN Intel Core i5 13th Gen 13420H - (16 GB/512 GB SSD/Windows 11 Home/6 GB Graphics/NVIDIA GeForce...,"₹84,990",8 GB LPDDR5 RAM,4
158,Lenovo IdeaPad Flex 5 Intel Core i3 13th Gen 1315U - (8 GB/512 GB SSD/Windows 11 Home) 14IRU8 2 in 1 L...,"₹60,590",Windows 11 Operating System,4.3
159,DELL Intel Core i5 12th Gen 1235U - (16 GB/512 GB SSD/Windows 11 Home) Inspiron 3520 Thin and Light La...,"₹49,890",512 GB SSD,4.3
160,Lenovo IdeaPad Slim 3 Intel Core i3 13th Gen 1305U - (8 GB/512 GB SSD/Windows 11 Home) 14IRU8 Thin and...,"₹36,190",39.62 cm (15.6 Inch) Display,4.8
161,Lenovo Intel Core i5 13th Gen 1355U - (16 GB/512 GB SSD/Windows 11 Home) THINKBOOK 16 G6 IRL 5 Thin an...,"₹55,990",1 Yr. Onsite,4.2
162,Lenovo Legion Go AMD Ryzen Z1 Extreme - (16 GB/512 GB SSD/Windows 11 Home) 8APU1 Handheld Gaming PC,"₹70,190",Intel Core i7 Processor (12th Gen),4.1
163,Acer Aspire 3 Intel Core i3 12th Gen - (8 GB/512 GB SSD/Windows 11 Home) A315-59 Thin and Light Laptop,"₹29,945",16 GB DDR4 RAM,4.3
164,Acer Aspire 7 Intel Core i5 12th Gen 12450H - (16 GB/512 GB SSD/Windows 11 Home/4 GB Graphics/NVIDIA G...,"₹50,990",Windows 11 Operating System,4.4
165,HP 14 Intel Core i5 10th Gen 10210U - (8 GB/512 GB SSD/Windows 10 Home) 14-ck2018TU Thin and Light Lap...,"₹39,490",512 GB SSD,4.3
166,MSI Modern 14 AMD Ryzen 7 Octa Core 7730U - (16 GB/512 GB SSD/Windows 11 Home) Modern 14 C7M-218IN Thi...,"₹51,990",39.62 cm (15.6 Inch) Display,4.3
167,HP Pavilion Intel Core Ultra 5 125U - (16 GB/1 TB SSD/Windows 11 Home) 16-af0056TU Thin and Light Lapt...,"₹75,490",1 Year Onsite Warranty,3.9
168,MSI Modern 14 Intel Core i3 12th Gen 1215U - (8 GB/512 GB SSD/Windows 11 Home) Modern 14 C12M-445IN / ...,"₹32,990",AMD Ryzen 7 Octa Core Processor,4.5
169,DELL Intel Core i5 13th Gen 1334U - (16 GB/512 GB SSD/Windows 11 Home) Vostro 3530 Thin and Light Lapt...,"₹54,490",16 GB DDR4 RAM,4.2
170,Acer Predator Neo Intel Core i7 13th Gen 13700HX - (16 GB/1 TB SSD/Windows 11 Home/8 GB Graphics/NVIDI...,"₹1,19,990",Windows 11 Operating System,4.3
171,HP Victus gaming AMD Ryzen 5 Hexa Core 5600H - (8 GB/512 GB SSD/Windows 11 Home/4 GB Graphics/AMD Rade...,"₹49,990",512 GB SSD,4.3
172,Lenovo LOQ Intel Core i5 13th Gen 13450HX - (16 GB/512 GB SSD/Windows 11 Home/6 GB Graphics/NVIDIA GeF...,"₹69,990",39.62 cm (15.6 Inch) Display,4.3
173,Lenovo IdeaPad Gaming 3 Intel Core i5 12th Gen 12450H - (16 GB/512 GB SSD/Windows 11 Home/4 GB Graphic...,"₹59,990",1 Year Onsite Warranty,4.5
174,MSI Modern 14 Intel Core i5 13th Gen 1335U - (16 GB/512 GB SSD/Windows 11 Home) Modern 14 C13M-436IN T...,"₹47,990",Intel Core i3 Processor (12th Gen),4.3
175,MSI Cyborg 15 Intel Core i5 12th Gen 12450H - (16 GB/512 GB SSD/Windows 11 Home/4 GB Graphics/NVIDIA G...,"₹59,990",8 GB DDR4 RAM,4.1
176,Acer Nitro V Intel Core i5 13th Gen 13420H - (16 GB/512 GB SSD/Windows 11 Home/6 GB Graphics/NVIDIA Ge...,"₹74,487",Windows 11 Operating System,4.3
177,Acer Aspire 3 Backlit Intel Core i5 12th Gen 1235U - (16 GB/512 GB SSD/Windows 11 Home) A324-51 Thin a...,"₹42,990",512 GB SSD,4.3
178,ASUS Intel Pentium Gold 7505 - (8 GB/256 GB SSD/Windows 11 Home) X1500EA-EJ111WS Laptop,"₹25,990",39.62 cm (15.6 Inch) Display,4.1
179,ASUS TUF Gaming F17 - AI Powered Gaming Intel Core i5 11th Gen 11400H - (8 GB/512 GB SSD/Windows 11 Ho...,"₹48,990",1 Yr Onsite,4.4
180,Lenovo IdeaPad Slim 5 WUXGA OLED AI PC Intel Core Ultra 5 125H - (16 GB/1 TB SSD/Windows 11 Home) 14IM...,"₹77,889",Intel Core i3 Processor (13th Gen),4.4
181,ASUS Vivobook Go 15 OLED AMD Ryzen 3 Quad Core 7320U - (8 GB/512 GB SSD/Windows 11 Home) E1504FA-LK321...,"₹38,990",8 GB DDR4 RAM,4.4
182,ASUS AMD Ryzen 5 Quad Core - (8 GB/512 GB SSD/Windows 11 Home) E1404FA-NK522WS Thin and Light Laptop,"₹35,900",Windows 11 Operating System,4.1
183,ASUS Vivobook Go 15 OLED AMD Ryzen 5 Quad Core 7520U - (8 GB/512 GB SSD/Windows 11 Home) E1504FA-LK521...,"₹45,990",512 GB SSD,4.3
184,HP (2024) Intel Core i3 12th Gen 1215U - (8 GB/512 GB SSD/Windows 11 Home) 15-fd0061TU Thin and Light ...,"₹36,490",39.62 cm (15.6 Inch) Display,4.8
185,Acer Aspire 3 Spin 14 Intel Core i3 13th Gen N305 - (8 GB/512 GB SSD/Windows 11 Home) A3SP14-31PT-3554...,"₹41,990",1 Year Onsite Hardware Service,4
186,ASUS Vivobook 15 Intel Core i3 12th Gen 1215U - (16 GB/512 GB SSD/Windows 11 Home) X1504ZA-NJ341WS Thi...,"₹35,599",Intel Core i3 Processor (12th Gen),4
187,Lenovo IdeaPad 5 Intel Core i5 13th Gen 13420H - (16 GB/512 GB SSD/Windows 11 Home) 14IRH9 2 in 1 Lapt...,"₹72,690",16 GB DDR4 RAM,4.7
188,Infinix ZEROBOOK 13 Intel Intel Core i9 13th Gen 13900H - (32 GB/1 TB SSD/Windows 11 Home) ZL513 Thin ...,"₹86,133",Windows 11 Operating System,4.3
189,HP 255 G9 AMD Ryzen 3 Dual Core 3250 - (8 GB/512 GB SSD/Windows 11 Home) 255 G8 Thin and Light Laptop,"₹25,899",512 GB SSD,4.3
190,HP Pro G10 Intel Core i7 13th Gen 1335U Turbo Boost Technoly - (32 GB/1 TB SSD/Windows 11 Pro/1 GB Gra...,"₹81,330",39.62 cm (15.6 Inch) Display,4.1
191,ASUS Vivobook 15 Intel Core i5 12th Gen - (16 GB/512 GB SSD/Windows 11 Home) X1504ZA-NJ542WS Thin and ...,"₹47,890",1 Year Onsite Warranty,4.4
192,ASUS Vivobook Intel Core i3 12th Gen 1215U - (8 GB/512 GB SSD/Windows 11 Home) X1504ZA-NJ325WS Thin an...,"₹32,990",Intel Core i5 Processor (12th Gen),4.6
193,Acer Aspire Lite Intel Core i3 12th Gen 1215U - (8 GB/512 GB SSD/Windows 11 Home) AL15-52 Thin and Lig...,"₹29,480",16 GB DDR4 RAM,4.4
194,Lenovo LOQ AMD Ryzen 5 Quad Core 7235HS - (12 GB/512 GB SSD/Windows 11 Home/6 GB Graphics/NVIDIA GeFor...,"₹58,990",Windows 11 Home Operating System,2.5
195,Infinix X Air Pro+ Intel Core i5 13th Gen 1334U - (16 GB/512 GB SSD/Windows 11 Home) XL434 Thin and Li...,"₹49,990",512 GB SSD,4.1
196,HP 255 G10 (2024) AMD Ryzen 3 Quad Core 7320U - (8 GB/512 GB SSD/Windows 11 Home) 250 G10 Thin and Lig...,"₹26,999",39.62 cm (15.6 Inch) Display,4.6
197,FUTOPIA Ultimus Pro Intel Dual Core Upto 2.8GHz - (8 GB/256 GB SSD/Windows 11 Home) NU14U3INC54BN.MB T...,"₹15,990",1 Year Onsite Warranty,4.2
198,"ASUS Vivobook 16X for Creator, Intel Core i5 12th Gen 12500H - (8 GB/512 GB SSD/Windows 11 Home/4 GB G...","₹54,990",Intel Core i5 Processor (12th Gen),4.2
199,MSI Thin A15 AMD Ryzen 7 Octa Core 7735HS - (16 GB/1 TB SSD/Windows 11 Home/6 GB Graphics/NVIDIA GeFor...,"₹87,990",16 GB DDR4 RAM,4.1
200,HP Intel Core i3 12th Gen 1215U - (8 GB/512 GB SSD/Windows 11 Home) 14s-dq5138tu Thin and Light Laptop,"₹37,990",64 bit Windows 11 Operating System,4.1
201,DELL Inspiron 3520 Intel Core i5 12th Gen 1235U - (8 GB/512 GB SSD/Windows 11 Home) 0IN352010031RINB1M...,"₹45,990",512 GB SSD,4.3
202,ASUS Vivobook GO 15 AMD Ryzen 5 Quad Core 7520U - (16 GB/512 GB SSD/Windows 11 Home) E1504FA-NJ549WS T...,"₹40,890",35.56 cm (14 inch) Display,4.3
203,CHUWI Intel Celeron Quad Core 12th Gen N100 - (8 GB/256 GB SSD/Windows 11 Home) GemiBook Plus Laptop,"₹21,990","Microsoft Office Home & Student 2021, HP Documentation, HP BIOS recovery, HP Smart",4.3
204,MSI Modern 15 Intel Core i5 12th Gen 1235U - (8 GB/512 GB SSD/Windows 11 Home) Modern 15 B12MO-818IN T...,"₹40,990",1 Year Onsite Warranty,4.2
205,"ASUS Vivobook Go 15, with Backlit Keyboard, 12th Gen Intel Core i3 N305 - (8 GB/512 GB SSD/Windows 11 ...","₹32,990",AMD Ryzen 3 Quad Core Processor,4.2
206,ASUS Vivobook 15 Intel Core i3 12th Gen 1215U - (16 GB/512 GB SSD/Windows 11 Home) X1502ZA-EJ993WS Thi...,"₹36,990",8 GB LPDDR5 RAM,4.2
207,Lenovo IdeaPad Slim 5 Intel Core i7 13th Gen 13700H - (16 GB/1 TB SSD/Windows 11 Home) 16IRL8 Laptop,"₹81,890",64 bit Windows 11 Operating System,4.1
208,Lenovo Yoga Slim 7 Intel Core Ultra 7 155H - (16 GB/1 TB SSD/Windows 11 Home) 14IMH9 Thin and Light La...,"₹96,990",512 GB SSD,4.3
209,HP Intel Core i5 12th Gen 1235U - (8 GB/1 TB SSD/Windows 11 Home) 15s-fq5331TU Thin and Light Laptop,"₹49,990",39.62 cm (15.6 Inch) Display,4.3
210,Acer Aspire 3 Backlit Intel Core i5 12th Gen 1235U - (8 GB/512 GB SSD/Windows 11 Home) A324-51 Thin an...,"₹40,990",1 Year Onsite Warranty,4.3
211,Infinix Y4 Max Series Intel Core i3 13th Gen 1315U - (8 GB/512 GB SSD/Windows 11 Home) YL613 Thin and ...,"₹29,990",AMD Ryzen 5 Hexa Core Processor,3.8
212,Acer Aspire 3 Intel Core i7 12th Gen 1255U - (16 GB/512 GB SSD/Windows 11 Home) A324-51 Thin and Light...,"₹51,990",16 GB LPDDR4X RAM,4.1
213,ASUS Vivobook Go 14 AMD Ryzen 3 Quad Core 7320U - (8 GB/512 GB SSD/Windows 11 Home) E1404FA-NK327WS Th...,"₹30,990",Windows 11 Operating System,4.3
214,ASUS Chromebook Intel Celeron Dual Core N4500 - (4 GB/64 GB EMMC Storage/Chrome OS) CX1400CKA-NK0453 C...,"₹13,990",512 GB SSD,4.5
215,Lenovo Thinkpad E14 G5 Intel Core i5 13th Gen 1335U with 3 year Warranty - (16 GB/512 GB SSD/Windows 1...,"₹69,000",35.56 cm (14 Inch) Display,4
216,ASUS Vivobook Intel Core i3 12th Gen 1215U - (8 GB/512 GB SSD/Windows 11 Home) X1504ZA-NJ325WS Thin an...,"₹32,990",1 Year Carry-in Warranty,4.2
217,HP OMEN Intel Core i5 13th Gen 13420H - (16 GB/512 GB SSD/Windows 11 Home/6 GB Graphics/NVIDIA GeForce...,"₹84,990",Intel Core i5 Processor (12th Gen),4.1
218,HP 255 G9 AMD Ryzen 3 Dual Core 3250 - (8 GB/512 GB SSD/Windows 11 Home) 255 G8 Thin and Light Laptop,"₹25,899",16 GB LPDDR4 RAM,3.7
219,HP Intel Core i3 12th Gen 1215U - (8 GB/512 GB SSD/Windows 11 Home) 14s-dq5138tu Thin and Light Laptop,"₹37,990",Windows 11 Operating System,4.1
220,ASUS Vivobook GO 15 AMD Ryzen 5 Quad Core 7520U - (16 GB/512 GB SSD/Windows 11 Home) E1504FA-NJ549WS T...,"₹40,890",512 GB SSD,4
221,DELL Latitude 14 Intel Core i5 11th Gen - (16 GB/512 GB SSD/Ubuntu) 3420 Business Laptop,"₹55,499",39.62 cm (15.6 inch) Display,4.3
222,"ASUS Vivobook 16X for Creator, Intel Core i5 12th Gen 12500H - (8 GB/512 GB SSD/Windows 11 Home/4 GB G...","₹54,990",1 Year Onsite warranty,4.3
223,DELL Intel Core i5 12th Gen 1235U - (16 GB/512 GB SSD/Windows 11 Home) Inspiron 3520 Thin and Light La...,"₹49,890",Intel Core i5 Processor (12th Gen),4.3
224,MSI Modern 15 Intel Core i5 12th Gen 1235U - (8 GB/512 GB SSD/Windows 11 Home) Modern 15 B12MO-818IN T...,"₹40,990",16 GB DDR4 RAM,4.3
225,"ASUS Vivobook Go 15, with Backlit Keyboard, 12th Gen Intel Core i3 N305 - (8 GB/512 GB SSD/Windows 11 ...","₹32,990",64 bit Windows 11 Operating System,4.3
226,Lenovo IdeaPad Slim 3 Intel Core i3 13th Gen 1305U - (8 GB/512 GB SSD/Windows 11 Home) 14IRU8 Thin and...,"₹36,190",512 GB SSD,4.3
227,Acer Aspire Intel Core i5 12th Gen 12450H - (12 GB/512 GB SSD/Windows 11 Home) AL15-52H Thin and Light...,"₹41,400",35.81 cm (14.1 inch) Display,4.1
228,Acer Nitro V AMD Ryzen 5 Hexa Core 7535HS - (16 GB/512 GB SSD/Windows 11 Home/6 GB Graphics/NVIDIA GeF...,"₹62,990",Windows 11,4.3
229,Acer Aspire 3 Intel Core i7 12th Gen 1255U - (16 GB/512 GB SSD/Windows 11 Home) A324-51 Thin and Light...,"₹51,990",1 Year Onsite Warranty,4.1
230,Lenovo IdeaPad Slim 5 2.5K IPS Intel Core i5 13th Gen 13500H - (16 GB/1 TB SSD/Windows 11 Home) 16IRL8...,"₹73,690",AMD Ryzen 5 Quad Core Processor,4.2
231,MSI Thin 15 Intel Core i5 12th Gen 12450H - (8 GB/512 GB SSD/Windows 11 Home/4 GB Graphics/NVIDIA GeFo...,"₹51,990",8 GB LPDDR5 RAM,4.3
232,CHUWI Intel Celeron Quad Core 12th Gen N100 - (8 GB/256 GB SSD/Windows 11 Home) GemiBook Plus Laptop,"₹21,990",Windows 11 Operating System,4.1
233,Lenovo Yoga Slim 7 Intel Core Ultra 7 155H - (16 GB/1 TB SSD/Windows 11 Home) 14IMH9 Thin and Light La...,"₹96,990",512 GB SSD,4.3
234,ASUS Vivobook Go 14 AMD Ryzen 3 Quad Core 7320U - (8 GB/512 GB SSD/Windows 11 Home) E1404FA-NK327WS Th...,"₹30,990",39.62 cm (15.6 Inch) Display,4.6
235,ASUS Vivobook 15 Intel Core i5 13th Gen 1335U - (16 GB/512 GB SSD/Windows 11 Home) X1504VA-NJ540WS Thi...,"₹51,990",1 Year Onsite Warranty,4.4
236,Infinix Y4 Max Series Intel Core i3 13th Gen 1315U - (8 GB/512 GB SSD/Windows 11 Home) YL613 Thin and ...,"₹29,990",MediaTek Kompanio 520 Processor,4.3
237,MSI Modern 14 H Intel Core i5 13th Gen 13420H - (16 GB/512 GB SSD/Windows 11 Home) Modern 14 H D13MG-0...,"₹55,990",8 GB LPDDR4X RAM,
238,MSI Modern 15 AMD Ryzen 5 Hexa Core 7530U - (16 GB/512 GB SSD/Windows 11 Home) Modern 15 B7M-071IN Thi...,"₹42,990",Chrome Operating System,
239,HP Victus 15 Intel Core i5 13th Gen 13420H - (16 GB/512 GB SSD/Windows 11 Home/6 GB Graphics/NVIDIA Ge...,"₹74,990",35.56 cm (14 inch) Display,
240,,,1 Year Carry-in Warranty,
241,,,Intel Core i3 Processor (13th Gen),
242,,,8 GB DDR4 RAM,
243,,,Windows 11 Operating System,
244,,,512 GB SSD,
245,,,35.56 cm (14 Inch) Display,
246,,,1 Year Carry-in Warranty,
247,,,Intel Celeron Dual Core Processor,
248,,,8 GB LPDDR4X RAM,
249,,,Windows 11 Operating System,
250,,,256 GB SSD,
251,,,35.56 cm (14 Inch) Display,
252,,,1 Year Carry-in Warranty,
253,,,AMD Ryzen 3 Quad Core Processor,
254,,,8 GB LPDDR5 RAM,
255,,,Windows 11 Operating System,
256,,,512 GB SSD,
257,,,39.62 cm (15.6 Inch) Display,
258,,,1 Year Onsite Warranty,
259,,,Intel Core i5 Processor (12th Gen),
260,,,8 GB DDR4 RAM,
261,,,Windows 11 Operating System,
262,,,512 GB SSD,
263,,,39.62 cm (15.6 Inch) Display,
264,,,1 Year Onsite Warranty,
265,,,Intel Core i5 Processor (13th Gen),
266,,,16 GB LPDDR5 RAM,
267,,,Windows 11 Operating System,
268,,,512 GB SSD,
269,,,39.62 cm (15.6 Inch) Display,
270,,,1 Yr. Onsite + 1 Yr. Accidental Damage Protection,
271,,,Intel Core i3 Processor (12th Gen),
272,,,8 GB DDR4 RAM,
273,,,Windows 11 Operating System,
274,,,512 GB SSD,
275,,,39.62 cm (15.6 Inch) Display,
276,,,1 Year Onsite Warranty,
277,,,Intel Celeron Dual Core Processor,
278,,,8 GB DDR4 RAM,
279,,,Windows 11 Operating System,
280,,,256 GB SSD,
281,,,29.46 cm (11.6 inch) Display,
282,,,1 Year Onsite Warranty,
283,,,Intel Core i7 Processor (13th Gen),
284,,,16 GB DDR4 RAM,
285,,,64 bit Windows 11 Operating System,
286,,,512 GB SSD,
287,,,39.62 cm (15.6 inch) Display,
288,,,"Windows 11, Microsoft Office",
289,,,1 Year Onsite Hardware Service,
290,,,Intel Core i3 Processor (12th Gen),
291,,,16 GB DDR4 RAM,
292,,,Windows 11 Operating System,
293,,,512 GB SSD,
294,,,35.56 cm (14 Inch) Display,
295,,,1 Yr. Onsite + 1 Yr. Accidental Damage Protection,
296,,,Intel Core i5 Processor (12th Gen),
297,,,16 GB DDR4 RAM,
298,,,64 bit Windows 11 Operating System,
299,,,512 GB SSD,
300,,,39.62 cm (15.6 inch) Display,
301,,,"Office Home & Student 2021, Microsoft Windows, 15 Months Macafee Antivirus",
302,,,1 Year Onsite Warranty,
303,,,Intel Core i3 Processor (13th Gen),
304,,,8 GB LPDDR4X RAM,
305,,,Windows 11 Operating System,
306,,,512 GB SSD,
307,,,40.64 cm (16 inch) Display,
308,,,NA,
309,,,1 Year Onsite Warranty,
310,,,Intel Core i3 Processor (12th Gen),
311,,,16 GB DDR4 RAM,
312,,,Windows 11 Operating System,
313,,,512 GB SSD,
314,,,35.56 cm (14 Inch) Display,
315,,,1 Yr. Onsite + 1 Yr. Accidental Damage Protection,
316,,,Intel Celeron Dual Core Processor,
317,,,8 GB LPDDR4X RAM,
318,,,Chrome Operating System,
319,,,35.56 cm (14 inch) Display,
320,,,1 Year Onsite Warranty,
321,,,AMD Ryzen 5 Hexa Core Processor,
322,,,16 GB DDR4 RAM,
323,,,Windows 11 Operating System,
324,,,1 TB SSD,
325,,,39.62 cm (15.6 Inch) Display,
326,,,1 Year Onsite Warranty,
327,,,Intel Core i5 Processor (12th Gen),
328,,,8 GB DDR4 RAM,
329,,,Windows 11 Operating System,
330,,,512 GB SSD,
331,,,39.62 cm (15.6 inch) Display,
332,,,1 Year Carry-in Warranty,
333,,,AMD Ryzen 5 Hexa Core Processor,
334,,,16 GB DDR5 RAM,
335,,,Windows 11 Operating System,
336,,,512 GB SSD,
337,,,39.62 cm (15.6 Inch) Display,
338,,,1 Year Onsite Warranty,
339,,,Intel Celeron Dual Core Processor,
340,,,8 GB DDR4 RAM,
341,,,Windows 11 Operating System,
342,,,256 GB SSD,
343,,,29.46 cm (11.6 inch) Display,
344,,,1 Year Onsite Warranty,
345,,,Intel Core i7 Processor (13th Gen),
346,,,16 GB DDR4 RAM,
347,,,Windows 11 Home Operating System,
348,,,1 TB SSD,
349,,,39.62 cm (15.6 inch) Display,
350,,,Windows 11 Microsoft Office Home & Student Edition 2021,
351,,,1 Year Carry-in Warranty,
352,,,AMD Ryzen 5 Quad Core Processor,
353,,,16 GB LPDDR5 RAM,
354,,,Windows 11 Operating System,
355,,,512 GB SSD,
356,,,39.62 cm (15.6 Inch) Display,
357,,,1 Year Onsite Warranty,
358,,,Intel Core i5 Processor (12th Gen),
359,,,16 GB LPDDR4 RAM,
360,,,Windows 11 Operating System,
361,,,512 GB SSD,
362,,,39.62 cm (15.6 inch) Display,
363,,,1 Year Onsite warranty,
364,,,Intel Core i5 Processor (12th Gen),
365,,,16 GB DDR4 RAM,
366,,,Windows 11 Operating System,
367,,,512 GB SSD,
368,,,39.62 cm (15.6 Inch) Display,
369,,,1 Year Onsite Warranty,
370,,,Intel Core i3 Processor (12th Gen),
371,,,8 GB DDR4 RAM,
372,,,Windows 11 Operating System,
373,,,512 GB SSD,
374,,,39.62 cm (15.6 Inch) Display,
375,,,1 Year Onsite Warranty,
376,,,Intel Core Ultra 5 Processor,
377,,,16 GB LPDDR5X RAM,
378,,,Windows 11 Operating System,
379,,,1 TB SSD,
380,,,40.64 cm (16 inch) Display,
381,,,1Yr Warranty + 1 Yr Premium Care and 1 Yr Accidental Damage Protection,
382,,,Intel Celeron Dual Core Processor,
383,,,8 GB DDR4 RAM,
384,,,64 bit Windows 11 Operating System,
385,,,256 GB SSD,
386,,,35.56 cm (14 Inch) Display,
387,,,1 Yr. Onsite + 1 Yr. Accidental Damage Protection,
388,,,Intel Core i3 Processor (13th Gen),
389,,,8 GB DDR4 RAM,
390,,,Windows 11 Operating System,
391,,,512 GB SSD,
392,,,35.56 cm (14 Inch) Display,
393,,,1 Year Onsite Warranty,
394,,,AMD Ryzen 5 Hexa Core Processor,
395,,,8 GB DDR4 RAM,
396,,,Windows 11 Operating System,
397,,,512 GB SSD,
398,,,39.62 cm (15.6 Inch) Display,
399,,,1 Year Carry-in Warranty,
400,,,Intel Core i5 Processor (12th Gen),
401,,,16 GB DDR4 RAM,
402,,,Windows 11 Operating System,
403,,,512 GB SSD,
404,,,39.62 cm (15.6 Inch) Display,
405,,,1 Year Onsite Warranty,
406,,,AMD Ryzen 5 Octa Core Processor,
407,,,16 GB DDR4 RAM,
408,,,Windows 11 Operating System,
409,,,512 GB SSD,
410,,,39.62 cm (15.6 Inch) Display,
411,,,1 Year Onsite Warranty,
412,,,AMD Ryzen 7 Octa Core Processor,
413,,,16 GB DDR4 RAM,
414,,,64 bit Windows 11 Home Operating System,
415,,,512 GB SSD,
416,,,39.62 cm (15.6 inch) Display,
417,,,Windows 11,
418,,,1 Year,
419,,,Intel Core i5 Processor (11th Gen),
420,,,8 GB DDR4 RAM,
421,,,Windows 11 Operating System,
422,,,512 GB SSD,
423,,,39.62 cm (15.6 Inch) Display,
424,,,1 Year Carry-in Warranty,
425,,,AMD Ryzen 5 Quad Core Processor,
426,,,8 GB LPDDR5 RAM,
427,,,Windows 11 Operating System,
428,,,512 GB SSD,
429,,,39.62 cm (15.6 Inch) Display,
430,,,1 Year Onsite Warranty,
431,,,AMD Ryzen 5 Hexa Core Processor,
432,,,8 GB DDR4 RAM,
433,,,32 bit Windows 11 Operating System,
434,,,512 GB SSD,
435,,,39.62 cm (15.6 inch) Display,
436,,,Windows,
437,,,1 Year Onsite Warranty,
438,,,AMD Ryzen 5 Hexa Core Processor,
439,,,8 GB DDR4 RAM,
440,,,64 bit Windows 11 Operating System,
441,,,512 GB SSD,
442,,,39.62 cm (15.6 inch) Display,
443,,,"Microsoft Office Home 2019 & Office 365, HP Documentation, HP SSRM, HP Smart",
444,,,1 Year Onsite Warranty,
445,,,Intel Core i5 Processor (12th Gen),
446,,,16 GB DDR4 RAM,
447,,,64 bit Windows 11 Operating System,
448,,,512 GB SSD,
449,,,35.56 cm (14 Inch) Display,
450,,,1 Year Onsite Warranty,
451,,,Intel Core i5 Processor (12th Gen),
452,,,8 GB DDR4 RAM,
453,,,64 bit Windows 11 Operating System,
454,,,512 GB SSD,
455,,,39.62 cm (15.6 inch) Display,
456,,,1 Year Onsite Warranty,
457,,,Intel Celeron Dual Core Processor,
458,,,8 GB LPDDR4X RAM,
459,,,Chrome Operating System,
460,,,35.56 cm (14 inch) Display,
461,,,1 Year Onsite Warranty,
462,,,AMD Ryzen 5 Quad Core Processor,
463,,,8 GB LPDDR5 RAM,
464,,,Windows 11 Operating System,
465,,,512 GB SSD,
466,,,39.62 cm (15.6 inch) Display,
467,,,Microsoft Office Home & Student 2021,
468,,,1 Year Carry-in Warranty,
469,,,AMD Ryzen 5 Dual Core Processor,
470,,,8 GB DDR4 RAM,
471,,,Windows 11 Operating System,
472,,,512 GB SSD,
473,,,39.62 cm (15.6 Inch) Display,
474,,,1 Year Onsite Hardware Service,
475,,,Intel Core i5 Processor (12th Gen),
476,,,8 GB DDR4 RAM,
477,,,Windows 11 Operating System,
478,,,512 GB SSD,
479,,,39.62 cm (15.6 Inch) Display,
480,,,1 Year Onsite Warranty,
481,,,Intel Core i7 Processor (12th Gen),
482,,,16 GB DDR4 RAM,
483,,,64 bit Windows 11 Operating System,
484,,,1 TB SSD,
485,,,35.56 cm (14 Inch) Display,
486,,,1 Year Domestic Warranty,
487,,,AMD Ryzen 5 Hexa Core Processor,
488,,,8 GB DDR4 RAM,
489,,,64 bit Windows 11 Operating System,
490,,,512 GB SSD,
491,,,39.62 cm (15.6 inch) Display,
492,,,"Microsoft Office Home 2019 & Office 365, HP Documentation, HP SSRM, HP Smart",
493,,,1 Year Onsite Warranty,
494,,,Intel Core i5 Processor (13th Gen),
495,,,16 GB DDR4 RAM,
496,,,Windows 11 Operating System,
497,,,512 GB SSD,
498,,,39.62 cm (15.6 Inch) Display,
499,,,1 Year Onsite Warranty,
500,,,AMD Ryzen 5 Hexa Core Processor,
501,,,16 GB LPDDR4X RAM,
502,,,Windows 11 Operating System,
503,,,512 GB SSD,
504,,,35.56 cm (14 Inch) Touchscreen Display,
505,,,Microsoft Office Home & Student 2021,
506,,,1Yr Warranty + 1 Yr Premium Care and 1 Yr Accidental Damage Protection,
507,,,Intel Core i5 Processor (12th Gen),
508,,,16 GB DDR4 RAM,
509,,,Windows 11 Operating System,
510,,,512 GB SSD,
511,,,39.62 cm (15.6 Inch) Display,
512,,,2 Year Onsite Warranty,
513,,,AMD Ryzen 5 Quad Core Processor,
514,,,8 GB LPDDR5 RAM,
515,,,Windows 11 Operating System,
516,,,512 GB SSD,
517,,,39.62 cm (15.6 Inch) Display,
518,,,1 Year Onsite Warranty,
519,,,Intel Core i5 Processor (12th Gen),
520,,,16 GB LPDDR5 RAM,
521,,,Windows 11 Operating System,
522,,,512 GB SSD,
523,,,35.56 cm (14 Inch) Display,
524,,,1 Yr. Onsite + 1 Yr. Accidental Damage Protection,
525,,,Intel Core i3 Processor (13th Gen),
526,,,8 GB DDR4 RAM,
527,,,64 bit Windows 11 Home Operating System,
528,,,512 GB SSD,
529,,,39.62 cm (15.6 inch) Display,
530,,,1 Year Warranty,
531,,,AMD Ryzen 7 Octa Core Processor,
532,,,16 GB DDR5 RAM,
533,,,Windows 11 Home Operating System,
534,,,512 GB SSD,
535,,,39.62 cm (15.6 inch) Display,
536,,,1 Year Carry-in Warranty,
537,,,Intel Core i7 Processor (12th Gen),
538,,,16 GB DDR4 RAM,
539,,,Windows 11 Operating System,
540,,,512 GB SSD,
541,,,40.64 cm (16 Inch) Display,
542,,,1 Year Onsite Warranty,
543,,,Intel Celeron Dual Core Processor,
544,,,8 GB DDR4 RAM,
545,,,64 bit Windows 11 Operating System,
546,,,256 GB SSD,
547,,,35.56 cm (14 Inch) Display,
548,,,1 Yr. Onsite + 1 Yr. Accidental Damage Protection,
549,,,AMD Ryzen 3 Quad Core Processor,
550,,,8 GB LPDDR5 RAM,
551,,,Windows 11 Operating System,
552,,,512 GB SSD,
553,,,39.62 cm (15.6 Inch) Display,
554,,,1 Year Onsite Warranty,
555,,,Intel Core i7 Processor (13th Gen),
556,,,16 GB DDR5 RAM,
557,,,Windows 11 Operating System,
558,,,512 GB SSD,
559,,,39.62 cm (15.6 Inch) Display,
560,,,2 Year Carry-in Warranty,
561,,,Intel Celeron Dual Core Processor,
562,,,4 GB LPDDR4 RAM,
563,,,64 bit Chrome Operating System,
564,,,35.56 cm (14 Inch) Touchscreen Display,
565,,,1 Year Onsite Warranty,
566,,,Intel Core i3 Processor (13th Gen),
567,,,8 GB DDR4 RAM,
568,,,Windows 11 Operating System,
569,,,512 GB SSD,
570,,,39.62 cm (15.6 inch) Display,
571,,,1 year domestic warranty,
572,,,Intel Core i5 Processor (13th Gen),
573,,,16 GB LPDDR5 RAM,
574,,,Windows 11 Operating System,
575,,,512 GB SSD,
576,,,39.62 cm (15.6 inch) Display,
577,,,1 Year Onsite Warranty,
578,,,AMD Ryzen 5 Octa Core Processor,
579,,,16 GB DDR4 RAM,
580,,,Windows 11 Operating System,
581,,,512 GB SSD,
582,,,39.62 cm (15.6 Inch) Display,
583,,,1 Year Onsite Warranty,
584,,,AMD Athlon Dual Core Processor,
585,,,8 GB LPDDR5 RAM,
586,,,Windows 11 Operating System,
587,,,512 GB SSD,
588,,,39.62 cm (15.6 inch) Display,
589,,,1 Yr. Onsite + 1 Yr. Accidental Damage Protection,
590,,,AMD Ryzen 5 Quad Core Processor,
591,,,8 GB LPDDR5 RAM,
592,,,Windows 11 Operating System,
593,,,512 GB SSD,
594,,,39.62 cm (15.6 inch) Display,
595,,,Microsoft Office Home & Student 2021,
596,,,1 Year Carry-in Warranty,
597,,,AMD Ryzen 3 Quad Core Processor,
598,,,8 GB DDR4 RAM,
599,,,64 bit Windows 11 Operating System,
600,,,512 GB SSD,
601,,,39.62 cm (15.6 inch) Display,
602,,,Windows 11,
603,,,1 Year Onsite Warranty,
604,,,Intel Celeron Dual Core Processor,
605,,,4 GB LPDDR4 RAM,
606,,,64 bit Chrome Operating System,
607,,,35.56 cm (14 Inch) Touchscreen Display,
608,,,1 Year Onsite Warranty,
609,,,Intel Core i7 Processor (13th Gen),
610,,,16 GB DDR5 RAM,
611,,,Windows 11 Operating System,
612,,,512 GB SSD,
613,,,39.62 cm (15.6 Inch) Display,
614,,,2 Year Carry-in Warranty,
615,,,AMD Ryzen 5 Hexa Core Processor,
616,,,16 GB DDR4 RAM,
617,,,Windows 11 Operating System,
618,,,512 GB SSD,
619,,,39.62 cm (15.6 inch) Display,
620,,,1 Year Carry-in Warranty,
621,,,Intel Core i7 Processor (12th Gen),
622,,,16 GB DDR4 RAM,
623,,,64 bit Windows 11 Operating System,
624,,,1 TB SSD,
625,,,35.56 cm (14 Inch) Display,
626,,,1 Year Domestic Warranty,
627,,,Intel Core i5 Processor (13th Gen),
628,,,16 GB LPDDR5 RAM,
629,,,Windows 11 Operating System,
630,,,512 GB SSD,
631,,,35.56 cm (14 inch) Display,
632,,,1Yr Warranty + 1 Yr Premium Care and 1 Yr Accidental Damage Protection,
633,,,Intel Core i5 Processor (12th Gen),
634,,,16 GB DDR4 RAM,
635,,,Windows 11 Operating System,
636,,,512 GB SSD,
637,,,39.62 cm (15.6 inch) Display,
638,,,1 Year Onsite Warranty,
639,,,AMD Ryzen 3 Quad Core Processor,
640,,,8 GB DDR4 RAM,
641,,,Windows 11 Operating System,
642,,,512 GB SSD,
643,,,39.62 cm (15.6 Inch) Display,
644,,,1 Year Carry-in Warranty,
645,,,AMD Athlon Dual Core Processor,
646,,,8 GB DDR4 RAM,
647,,,64 bit Windows 11 Operating System,
648,,,512 GB SSD,
649,,,39.62 cm (15.6 inch) Display,
650,,,1 Year Onsite Warranty,
651,,,Intel Core i5 Processor (13th Gen),
652,,,16 GB LPDDR5 RAM,
653,,,Windows 11 Operating System,
654,,,512 GB SSD,
655,,,39.62 cm (15.6 inch) Display,
656,,,1 Year Onsite Warranty,
657,,,AMD Ryzen Z1 Octa Core Processor,
658,,,16 GB LPDDR5 RAM,
659,,,Windows 11 Operating System,
660,,,512 GB SSD,
661,,,17.78 cm (7 Inch) Touchscreen Display,
662,,,3 months Xbox Game Pass Ultimate Subscription Included,
663,,,1 Year Onsite Warranty,
664,,,AMD Ryzen 7 Octa Core Processor,
665,,,16 GB DDR4 RAM,
666,,,64 bit Windows 11 Operating System,
667,,,1 TB SSD,
668,,,39.62 cm (15.6 Inch) Display,
669,,,1 Year Onsite Warranty,
670,,,Intel Core i3 Processor (12th Gen),
671,,,16 GB DDR4 RAM,
672,,,Windows 11 Operating System,
673,,,512 GB SSD,
674,,,39.62 cm (15.6 Inch) Display,
675,,,1 Year Onsite Warranty,
676,,,Intel Core i5 Processor (13th Gen),
677,,,8 GB DDR4 RAM,
678,,,Windows 11 Operating System,
679,,,512 GB SSD,
680,,,39.62 cm (15.6 Inch) Display,
681,,,1 Year Onsite Warranty,
682,,,Intel Core i5 Processor (12th Gen),
683,,,16 GB DDR4 RAM,
684,,,Windows 11 Operating System,
685,,,1 TB SSD,
686,,,35.56 cm (14 Inch) Display,
687,,,1 Year Carry-in Warranty,
688,,,Intel Core i7 Processor (12th Gen),
689,,,16 GB DDR4 RAM,
690,,,Windows 11 Operating System,
691,,,512 GB SSD,
692,,,40.64 cm (16 Inch) Display,
693,,,1 Year Onsite Warranty,
694,,,Intel Core i3 Processor (12th Gen),
695,,,8 GB DDR4 RAM,
696,,,64 bit Windows 11 Operating System,
697,,,512 GB SSD,
698,,,39.62 cm (15.6 inch) Display,
699,,,1 Year Warranty,
700,,,Intel Core i9 Processor (13th Gen),
701,,,16 GB LPDDR5 RAM,
702,,,Windows 11 Operating System,
703,,,512 GB SSD,
704,,,39.62 cm (15.6 Inch) Display,
705,,,1 Year Onsite Warranty,
706,,,MediaTek MT8183 Processor,
707,,,4 GB LPDDR4 RAM,
708,,,Android Operating System,
709,,,29.46 cm (11.6 Inch) Display,
710,,,1 Year Pick and Drop Warranty,
711,,,Intel Dual Core Processor,
712,,,8 GB DDR4 RAM,
713,,,64 bit Windows 11 Home Operating System,
714,,,256 GB SSD,
715,,,35.81 cm (14.1 inch) Display,
716,,,Pre loaded windows APP,
717,,,1 Year Manufacturing Warranty,
718,,,Intel Core i5 Processor (13th Gen),
719,,,16 GB LPDDR4X RAM,
720,,,64 bit Windows 11 Home Operating System,
721,,,512 GB SSD,
722,,,35.56 cm (14 inch) Display,
723,,,1 Year Onsite Warranty,
724,,,AMD Ryzen 3 Quad Core Processor,
725,,,8 GB LPDDR5 RAM,
726,,,Windows 11 Operating System,
727,,,512 GB SSD,
728,,,39.62 cm (15.6 Inch) Display,
729,,,1 Year Onsite Warranty,
730,,,MediaTek Kompanio 520 Processor,
731,,,4 GB LPDDR4X RAM,
732,,,Chrome Operating System,
733,,,35.56 cm (14 Inch) Display,
734,,,1 Year Carry-in Warranty,
735,,,Intel Core i3 Processor (12th Gen),
736,,,8 GB DDR4 RAM,
737,,,64 bit Windows 11 Operating System,
738,,,1 TB SSD,
739,,,39.62 cm (15.6 Inch) Display,
740,,,Microsoft Office Home & Student '2021,
741,,,1 Year Onsite Warranty,
742,,,AMD Ryzen 5 Hexa Core Processor,
743,,,8 GB DDR4 RAM,
744,,,64 bit Windows 11 Operating System,
745,,,512 GB SSD,
746,,,39.62 cm (15.6 Inch) Touchscreen Display,
747,,,1 Year Onsite Warranty,
748,,,Intel Core i5 Processor (13th Gen),
749,,,16 GB DDR4 RAM,
750,,,Windows 11 Operating System,
751,,,512 GB SSD,
752,,,39.62 cm (15.6 Inch) Display,
753,,,1 Year Onsite Warranty,
754,,,Intel Core i3 Processor (12th Gen),
755,,,8 GB DDR4 RAM,
756,,,Windows 11 Operating System,
757,,,512 GB SSD,
758,,,39.62 cm (15.6 Inch) Display,
759,,,1 Year Onsite Warranty,
760,,,Intel Core i5 Processor (12th Gen),
761,,,16 GB DDR4 RAM,
762,,,64 bit Windows 11 Operating System,
763,,,512 GB SSD,
764,,,35.56 cm (14 inch) Touchscreen Display,
765,,,Office Home and Student 2021,
766,,,1 Year Warranty,
767,,,Intel Core i5 Processor (13th Gen),
768,,,16 GB DDR5 RAM,
769,,,Windows 11 Operating System,
770,,,512 GB SSD,
771,,,40.64 cm (16 Inch) Display,
772,,,1 Year International Travelers Warranty (ITW),
773,,,Intel Core i5 Processor (12th Gen),
774,,,8 GB LPDDR4X RAM,
775,,,64 bit Windows 11 Operating System,
776,,,512 GB SSD,
777,,,35.56 cm (14 Inch) Touchscreen Display,
778,,,1 Year Onsite Warranty + 1 Year Premium Care + 1 Year Accidental Damage Protection,
779,,,Intel Core i3 Processor (13th Gen),
780,,,8 GB DDR4 RAM,
781,,,64 bit Windows 11 Home Operating System,
782,,,512 GB SSD,
783,,,39.62 cm (15.6 inch) Display,
784,,,1 Year Warranty,
785,,,AMD Ryzen 3 Quad Core Processor,
786,,,8 GB LPDDR5 RAM,
787,,,Windows 11 Operating System,
788,,,512 GB SSD,
789,,,35.56 cm (14 Inch) Display,
790,,,1 Year Onsite Warranty,
791,,,Intel Core i3 Processor (12th Gen),
792,,,8 GB DDR4 RAM,
793,,,64 bit Windows 11 Operating System,
794,,,512 GB SSD,
795,,,35.56 cm (14 Inch) Display,
796,,,1 Year Domestic Warranty,
797,,,Intel Core i3 Processor (12th Gen),
798,,,16 GB DDR4 RAM,
799,,,Windows 11 Home Operating System,
800,,,512 GB SSD,
801,,,39.62 cm (15.6 inch) Display,
802,,,1-Year,
803,,,Intel Core i5 Processor (12th Gen),
804,,,16 GB DDR4 RAM,
805,,,Windows 11 Operating System,
806,,,512 GB SSD,
807,,,40.64 cm (16 Inch) Display,
808,,,1 Year Onsite Warranty,
809,,,Intel Core i5 Processor (11th Gen),
810,,,8 GB DDR4 RAM,
811,,,Windows 11 Operating System,
812,,,512 GB SSD,
813,,,43.94 cm (17.3 Inch) Display,
814,,,1 Year Onsite Warranty,
815,,,Intel Celeron Dual Core Processor,
816,,,8 GB DDR4 RAM,
817,,,Windows 11 Operating System,
818,,,512 GB SSD,
819,,,39.62 cm (15.6 Inch) Display,
820,,,1 Yr. Onsite + 1 Yr. Accidental Damage Protection,
821,,,Intel Core i5 Processor (12th Gen),
822,,,8 GB DDR4 RAM,
823,,,Windows 11 Operating System,
824,,,512 GB SSD,
825,,,39.62 cm (15.6 Inch) Display,
826,,,1 Year Onsite Warranty,
827,,,Intel Core i5 Processor (12th Gen),
828,,,16 GB DDR4 RAM,
829,,,Windows 11 Operating System,
830,,,512 GB SSD,
831,,,39.62 cm (15.6 inch) Display,
832,,,1 Year Onsite Warranty,
833,,,Intel Core i3 Processor (13th Gen),
834,,,8 GB DDR4 RAM,
835,,,Windows 11 Home Operating System,
836,,,512 GB SSD,
837,,,39.62 cm (15.6 inch) Display,
838,,,Windows 11,
839,,,1 Year Onsite Warranty,
840,,,AMD Ryzen 5 Hexa Core Processor (5th Gen),
841,,,16 GB DDR4 RAM,
842,,,64 bit Windows 11 Operating System,
843,,,512 GB SSD,
844,,,39.62 cm (15.6 inch) Display,
845,,,1 Year Onsite Warranty,
846,,,Intel Core i3 Processor (12th Gen),
847,,,8 GB DDR4 RAM,
848,,,64 bit Windows 11 Operating System,
849,,,512 GB SSD,
850,,,39.62 cm (15.6 inch) Display,
851,,,MS OFFICE,
852,,,1 YEAR INTERNATIONAL,
853,,,Intel Core i5 Processor (12th Gen),
854,,,16 GB LPDDR5 RAM,
855,,,Windows 11 Operating System,
856,,,512 GB SSD,
857,,,39.62 cm (15.6 Inch) Display,
858,,,1 Yr. Onsite + 1 Yr. Accidental Damage Protection,
859,,,AMD Ryzen 7 Octa Core Processor,
860,,,16 GB DDR5 RAM,
861,,,Windows 11 Operating System,
862,,,512 GB SSD,
863,,,39.62 cm (15.6 Inch) Display,
864,,,2 Year Onsite Warranty,
865,,,AMD Ryzen 7 Octa Core Processor,
866,,,16 GB LPDDR4X RAM,
867,,,Windows 11 Operating System,
868,,,512 GB SSD,
869,,,35.56 cm (14 Inch) Display,
870,,,1 Year Carry-in Warranty,
871,,,Intel Celeron Dual Core Processor (11th Gen),
872,,,8 GB DDR5 RAM,
873,,,64 bit Windows 11 Operating System,
874,,,256 GB SSD,
875,,,39.62 cm (15.6 Inch) Display,
876,,,1 Year Onsite Warranty,
877,,,Intel Core i3 Processor (11th Gen),
878,,,8 GB DDR4 RAM,
879,,,64 bit Windows 11 Operating System,
880,,,512 GB SSD,
881,,,35.56 cm (14 inch) Display,
882,,,Microsoft Office Home & Student 2021,
883,,,1 Year Onsite Warranty,
884,,,Apple M3 Processor,
885,,,16 GB Unified Memory RAM,
886,,,Mac OS Operating System,
887,,,256 GB SSD,
888,,,34.54 cm (13.6 Inch) Display,
889,,,"Built-in Apps: App Store, Books, Calendar, Contacts, FaceTime, Find My, Freeform, GarageBand, Home, iMovie, Keynote, Mail, Maps, Messages, Music, Notes, Numbers, Pages, Photo Booth, Photos, Podcasts, Preview, QuickTime Player, Reminders, Safari, Shortcuts, Siri, Stocks, Time Machine, TV, Voice Memos, Weather",
890,,,1 Year Limited Warranty,
891,,,AMD Ryzen 3 Quad Core Processor,
892,,,8 GB LPDDR5 RAM,
893,,,Windows 11 Operating System,
894,,,512 GB SSD,
895,,,35.56 cm (14 Inch) Display,
896,,,1 Year Onsite Warranty,
897,,,Intel Core i5 Processor (12th Gen),
898,,,8 GB DDR4 RAM,
899,,,64 bit Windows 11 Operating System,
900,,,512 GB SSD,
901,,,39.62 cm (15.6 inch) Display,
902,,,MS OFFICE,
903,,,1 Year Onsite Warranty,
904,,,Intel Core i5 Processor (13th Gen),
905,,,16 GB DDR4 RAM,
906,,,Windows 11 Operating System,
907,,,512 GB SSD,
908,,,39.62 cm (15.6 Inch) Display,
909,,,1 Year Onsite Warranty,
910,,,Intel Core i5 Processor (13th Gen),
911,,,16 GB DDR5 RAM,
912,,,Windows 11 Operating System,
913,,,512 GB SSD,
914,,,40.64 cm (16 Inch) Display,
915,,,1 Year International Travelers Warranty (ITW),
916,,,Intel Core i5 Processor (12th Gen),
917,,,8 GB DDR4 RAM,
918,,,Windows 11 Operating System,
919,,,512 GB SSD,
920,,,39.62 cm (15.6 Inch) Display,
921,,,1 Year Carry-in Warranty,
922,,,AMD Ryzen 7 Octa Core Processor,
923,,,16 GB DDR5 RAM,
924,,,Windows 11 Operating System,
925,,,512 GB SSD,
926,,,40.64 cm (16 inch) Display,
927,,,1 Year Onsite Warranty,
928,,,AMD Ryzen 7 Octa Core Processor,
929,,,16 GB DDR5 RAM,
930,,,Windows 11 Operating System,
931,,,512 GB SSD,
932,,,39.62 cm (15.6 Inch) Display,
933,,,2 Year Onsite Warranty,
934,,,Intel Core i3 Processor (12th Gen),
935,,,8 GB DDR4 RAM,
936,,,Linux/Ubuntu Operating System,
937,,,512 GB SSD,
938,,,39.62 cm (15.6 inch) Display,
939,,,1 Year,
940,,,Intel Core i5 Processor (13th Gen),
941,,,16 GB LPDDR5 RAM,
942,,,Windows 11 Operating System,
943,,,512 GB SSD,
944,,,35.56 cm (14 inch) Display,
945,,,1Yr Warranty + 1 Yr Premium Care and 1 Yr Accidental Damage Protection,
946,,,Intel Core i5 Processor (13th Gen),
947,,,16 GB DDR5 RAM,
948,,,Windows 11 Operating System,
949,,,1 TB SSD,
950,,,39.62 cm (15.6 inch) Display,
951,,,1 Year Manufacturer Warranty,
952,,,Intel Celeron Dual Core Processor,
953,,,8 GB LPDDR4X RAM,
954,,,Windows 11 Operating System,
955,,,256 GB SSD,
956,,,39.62 cm (15.6 Inch) Display,
957,,,1 Year Onsite Warranty,
958,,,Intel Core i7 Processor (13th Gen),
959,,,16 GB DDR5 RAM,
960,,,Windows 11 Operating System,
961,,,1 TB SSD,
962,,,40.64 cm (16 Inch) Display,
963,,,2 Year Onsite Warranty,
964,,,Intel Core i5 Processor (13th Gen),
965,,,16 GB DDR5 RAM,
966,,,Windows 11 Operating System,
967,,,512 GB SSD,
968,,,40.89 cm (16.1 Inch) Display,
969,,,1 Year Onsite Warranty,
970,,,Intel Core i3 Processor (13th Gen),
971,,,8 GB LPDDR4X RAM,
972,,,Windows 11 Operating System,
973,,,512 GB SSD,
974,,,90.32 cm (35.56 cm) Touchscreen Display,
975,,,1Yr Warranty + 1 Yr Premium Care and 1 Yr Accidental Damage Protection,
976,,,Intel Core i5 Processor (12th Gen),
977,,,16 GB DDR4 RAM,
978,,,Windows 11 Operating System,
979,,,512 GB SSD,
980,,,39.62 cm (15.6 Inch) Display,
981,,,1 Year Onsite Hardware Service,
982,,,Intel Core i3 Processor (13th Gen),
983,,,8 GB LPDDR5 RAM,
984,,,Windows 11 Operating System,
985,,,512 GB SSD,
986,,,35.56 cm (14 Inch) Display,
987,,,1 Yr Onsite,
988,,,Intel Core i5 Processor (13th Gen),
989,,,16 GB DDR5 RAM,
990,,,Windows 11 Operating System,
991,,,512 GB SSD,
992,,,40.64 cm (16 Inch) Display,
993,,,1 Year Onsite warranty,
994,,,AMD Ryzen Z1 Extreme Processor,
995,,,16 GB LPDDR5X RAM,
996,,,Windows 11 Home Operating System,
997,,,512 GB SSD,
998,,,22.35 cm (8.8 inch) Touchscreen Display,
999,,,1 Year Carry in + 1 Year Accidental Damage Protection,
1000,,,Intel Core i3 Processor (12th Gen),
1001,,,8 GB DDR4 RAM,
1002,,,64 bit Windows 11 Operating System,
1003,,,512 GB SSD,
1004,,,39.62 cm (15.6 inch) Display,
1005,,,1 Year International Travelers Warranty (ITW),
1006,,,Intel Core i5 Processor (12th Gen),
1007,,,16 GB DDR4 RAM,
1008,,,Windows 11 Operating System,
1009,,,512 GB SSD,
1010,,,39.62 cm (15.6 Inch) Display,
1011,,,1 Year Onsite Warranty,
1012,,,Intel Core i5 Processor (10th Gen),
1013,,,8 GB DDR4 RAM,
1014,,,64 bit Windows 10 Operating System,
1015,,,512 GB SSD,
1016,,,35.56 cm (14 inch) Display,
1017,,,"HP Documentation, HP SSRM, HP Smart, HP Support Assistant, Microsoft Office Home and Student 2019",
1018,,,1 Year Onsite Warranty,
1019,,,AMD Ryzen 7 Octa Core Processor,
1020,,,16 GB DDR4 RAM,
1021,,,Windows 11 Operating System,
1022,,,512 GB SSD,
1023,,,35.56 cm (14 Inch) Display,
1024,,,1 Year Onsite Warranty,
1025,,,Intel Core Ultra 5 Processor,
1026,,,16 GB LPDDR5 RAM,
1027,,,Windows 11 Operating System,
1028,,,1 TB SSD,
1029,,,40.64 cm (16 inch) Display,
1030,,,1 Year Onsite Warranty,
1031,,,Intel Core i3 Processor (12th Gen),
1032,,,8 GB DDR4 RAM,
1033,,,Windows 11 Operating System,
1034,,,512 GB SSD,
1035,,,35.56 cm (14 Inch) Display,
1036,,,1 Year Onsite Warranty,
1037,,,Intel Core i5 Processor (13th Gen),
1038,,,16 GB DDR4 RAM,
1039,,,Windows 11 Operating System,
1040,,,512 GB SSD,
1041,,,39.62 cm (15.6 Inch) Display,
1042,,,1 Year Onsite Hardware Service,
1043,,,Intel Core i7 Processor (13th Gen),
1044,,,16 GB DDR5 RAM,
1045,,,Windows 11 Operating System,
1046,,,1 TB SSD,
1047,,,40.64 cm (16 Inch) Display,
1048,,,1 Year International Travelers Warranty (ITW),
1049,,,AMD Ryzen 5 Hexa Core Processor,
1050,,,8 GB DDR4 RAM,
1051,,,Windows 11 Operating System,
1052,,,512 GB SSD,
1053,,,39.62 cm (15.6 inch) Display,
1054,,,1 Year Onsite Warranty,
1055,,,Intel Core i5 Processor (13th Gen),
1056,,,16 GB DDR5 RAM,
1057,,,Windows 11 Operating System,
1058,,,512 GB SSD,
1059,,,39.62 cm (15.6 Inch) Display,
1060,,,Office Home & Student 2021,
1061,,,1Yr Warranty and 1 Yr Accidental Damage Protection,
1062,,,Intel Core i5 Processor (12th Gen),
1063,,,16 GB DDR4 RAM,
1064,,,Windows 11 Operating System,
1065,,,512 GB SSD,
1066,,,39.62 cm (15.6 inch) Display,
1067,,,Microsoft Office Home & Student 2021,
1068,,,1 Year Onsite Warranty,
1069,,,Intel Core i5 Processor (13th Gen),
1070,,,16 GB DDR4 RAM,
1071,,,Windows 11 Operating System,
1072,,,512 GB SSD,
1073,,,35.56 cm (14 Inch) Display,
1074,,,1 Year Carry-in Warranty,
1075,,,Intel Core i5 Processor (12th Gen),
1076,,,16 GB DDR5 RAM,
1077,,,Windows 11 Operating System,
1078,,,512 GB SSD,
1079,,,39.62 cm (15.6 Inch) Display,
1080,,,2 Year Onsite Warranty,
1081,,,Intel Core i5 Processor (13th Gen),
1082,,,16 GB DDR5 RAM,
1083,,,Windows 11 Operating System,
1084,,,512 GB SSD,
1085,,,39.62 cm (15.6 Inch) Display,
1086,,,1 Year International Travelers Warranty (ITW),
1087,,,Intel Core i5 Processor (12th Gen),
1088,,,16 GB DDR4 RAM,
1089,,,64 bit Windows 11 Operating System,
1090,,,512 GB SSD,
1091,,,35.56 cm (14 Inch) Display,
1092,,,1 Year Domestic Warranty,
1093,,,Intel Pentium Gold Processor,
1094,,,8 GB DDR4 RAM,
1095,,,Windows 11 Operating System,
1096,,,256 GB SSD,
1097,,,39.62 cm (15.6 Inch) Display,
1098,,,1 Year Onsite Warranty,
1099,,,Intel Core i5 Processor (11th Gen),
1100,,,8 GB DDR4 RAM,
1101,,,Windows 11 Operating System,
1102,,,512 GB SSD,
1103,,,43.94 cm (17.3 Inch) Display,
1104,,,1 Year Onsite Warranty,
1105,,,Intel Core Ultra 5 Processor,
1106,,,16 GB LPDDR5X RAM,
1107,,,Windows 11 Operating System,
1108,,,1 TB SSD,
1109,,,35.56 cm (14 Inch) Display,
1110,,,1Yr Warranty + 1 Yr Premium Care and 1 Yr Accidental Damage Protection,
1111,,,AMD Ryzen 3 Quad Core Processor,
1112,,,8 GB LPDDR5 RAM,
1113,,,Windows 11 Operating System,
1114,,,512 GB SSD,
1115,,,39.62 cm (15.6 Inch) Display,
1116,,,1 Year Onsite Warranty,
1117,,,AMD Ryzen 5 Quad Core Processor,
1118,,,8 GB LPDDR5 RAM,
1119,,,Windows 11 Operating System,
1120,,,512 GB SSD,
1121,,,35.56 cm (14 inch) Display,
1122,,,1 Year International Warranty,
1123,,,AMD Ryzen 5 Quad Core Processor,
1124,,,8 GB LPDDR5 RAM,
1125,,,Windows 11 Operating System,
1126,,,512 GB SSD,
1127,,,39.62 cm (15.6 Inch) Display,
1128,,,1 Year Onsite Warranty,
1129,,,Intel Core i3 Processor (12th Gen),
1130,,,8 GB DDR4 RAM,
1131,,,64 bit Windows 11 Operating System,
1132,,,512 GB SSD,
1133,,,39.62 cm (15.6 inch) Display,
1134,,,1 Year Warranty,
1135,,,Intel Core i3 Processor (13th Gen),
1136,,,8 GB LPDDR5 RAM,
1137,,,Windows 11 Operating System,
1138,,,512 GB SSD,
1139,,,35.56 cm (14 inch) Touchscreen Display,
1140,,,1 Year Onsite Warranty,
1141,,,Intel Core i3 Processor (12th Gen),
1142,,,16 GB DDR4 RAM,
1143,,,Windows 11 Home Operating System,
1144,,,512 GB SSD,
1145,,,39.62 cm (15.6 Inch) Display,
1146,,,1 Year Onsite Warranty,
1147,,,Intel Core i5 Processor (13th Gen),
1148,,,16 GB LPDDR5X RAM,
1149,,,Windows 11 Operating System,
1150,,,512 GB SSD,
1151,,,35.56 cm (14 Inch) Touchscreen Display,
1152,,,1 Year Carry-in Warranty,
1153,,,Intel Core i9 Processor (13th Gen),
1154,,,32 GB LPDDR5X RAM,
1155,,,Windows 11 Operating System,
1156,,,1 TB SSD,
1157,,,39.62 cm (15.6 inch) Display,
1158,,,1 Year Onsite Warranty,
1159,,,AMD Ryzen 3 Dual Core Processor,
1160,,,8 GB DDR4 RAM,
1161,,,64 bit Windows 11 Operating System,
1162,,,512 GB SSD,
1163,,,39.62 cm (15.6 inch) Display,
1164,,,Windows 11,
1165,,,1 Year,
1166,,,Intel Core i7 Processor (13th Gen),
1167,,,32 GB DDR4 RAM,
1168,,,64 bit Windows 11 Operating System,
1169,,,1 TB SSD,
1170,,,35.56 cm (14 inch) Display,
1171,,,MS OFFICE,
1172,,,1 year Onsite Warrenty,
1173,,,Intel Core i5 Processor (12th Gen),
1174,,,16 GB LPDDR5 RAM,
1175,,,Windows 11 Operating System,
1176,,,512 GB SSD,
1177,,,39.62 cm (15.6 inch) Display,
1178,,,1 Year Warranty,
1179,,,Intel Core i3 Processor (12th Gen),
1180,,,8 GB DDR4 RAM,
1181,,,Windows 11 Operating System,
1182,,,512 GB SSD,
1183,,,39.62 cm (15.6 Inch) Display,
1184,,,Microsoft Office Home & Student 2021,
1185,,,1 Year Onsite Warranty,
1186,,,Intel Core i3 Processor (12th Gen),
1187,,,8 GB DDR4 RAM,
1188,,,64 bit Windows 11 Home Operating System,
1189,,,512 GB SSD,
1190,,,39.62 cm (15.6 inch) Display,
1191,,,1 year,
1192,,,AMD Ryzen 5 Quad Core Processor,
1193,,,12 GB DDR5 RAM,
1194,,,Windows 11 Operating System,
1195,,,512 GB SSD,
1196,,,39.62 cm (15.6 Inch) Display,
1197,,,1Yr Warranty and 1 Yr Accidental Damage Protection,
1198,,,Intel Core i5 Processor (13th Gen),
1199,,,16 GB LPDDR4X RAM,
1200,,,64 bit Windows 11 Home Operating System,
1201,,,512 GB SSD,
1202,,,35.56 cm (14 inch) Display,
1203,,,1 Year Onsite Warranty,
1204,,,AMD Ryzen 3 Quad Core Processor,
1205,,,8 GB DDR4 RAM,
1206,,,64 bit Windows 11 Operating System,
1207,,,512 GB SSD,
1208,,,39.62 cm (15.6 inch) Display,
1209,,,Windows 11,
1210,,,1 Year Onsite Warranty,
1211,,,Intel Dual Core Processor,
1212,,,8 GB DDR4 RAM,
1213,,,64 bit Windows 11 Home Operating System,
1214,,,256 GB SSD,
1215,,,35.81 cm (14.1 inch) Display,
1216,,,Pre loaded windows APP,
1217,,,1 Year Manufacturing Warranty,
1218,,,Intel Core i5 Processor (12th Gen),
1219,,,8 GB DDR4 RAM,
1220,,,Windows 11 Operating System,
1221,,,512 GB SSD,
1222,,,40.64 cm (16 Inch) Display,
1223,,,1 Year Onsite Warranty,
1224,,,AMD Ryzen 7 Octa Core Processor,
1225,,,16 GB DDR5 RAM,
1226,,,Windows 11 Operating System,
1227,,,1 TB SSD,
1228,,,39.62 cm (15.6 Inch) Display,
1229,,,2 Year Onsite Warranty,
1230,,,Intel Core i3 Processor (12th Gen),
1231,,,8 GB DDR4 RAM,
1232,,,Windows 11 Operating System,
1233,,,512 GB SSD,
1234,,,100.58 cm (39.6 cm) Display,
1235,,,1 Year Onsite warranty,
1236,,,Intel Core i5 Processor (12th Gen),
1237,,,8 GB DDR4 RAM,
1238,,,Windows 11 Operating System,
1239,,,512 GB SSD,
1240,,,39.62 cm (15.6 Inch) Display,
1241,,,1 Year Onsite Warranty,
1242,,,AMD Ryzen 5 Quad Core Processor,
1243,,,16 GB LPDDR5 RAM,
1244,,,Windows 11 Operating System,
1245,,,512 GB SSD,
1246,,,39.62 cm (15.6 Inch) Display,
1247,,,1 Year Onsite Warranty,
1248,,,Intel Celeron Quad Core Processor (12th Gen),
1249,,,8 GB LPDDR5 RAM,
1250,,,64 bit Windows 11 Home Operating System,
1251,,,256 GB SSD,
1252,,,39.62 cm (15.6 inch) Display,
1253,,,"WPS Office, Operating System Software",
1254,,,1 Year Onsite Warranty,
1255,,,Intel Core i5 Processor (12th Gen),
1256,,,8 GB DDR4 RAM,
1257,,,Windows 11 Operating System,
1258,,,512 GB SSD,
1259,,,39.62 cm (15.6 Inch) Display,
1260,,,1 Year Onsite Warranty,
1261,,,Intel Core i3 Processor,
1262,,,8 GB DDR4 RAM,
1263,,,Windows 11 Operating System,
1264,,,512 GB SSD,
1265,,,39.62 cm (15.6 Inch) Display,
1266,,,1 Year Onsite Warranty,
1267,,,Intel Core i3 Processor (12th Gen),
1268,,,16 GB DDR4 RAM,
1269,,,Windows 11 Operating System,
1270,,,512 GB SSD,
1271,,,39.62 cm (15.6 Inch) Display,
1272,,,1 Year Onsite Warranty,
1273,,,Intel Core i7 Processor (13th Gen),
1274,,,16 GB LPDDR5 RAM,
1275,,,Windows 11 Operating System,
1276,,,1 TB SSD,
1277,,,40.64 cm (16 inch) Display,
1278,,,1Yr Warranty + 1 Yr Premium Care and 1 Yr Accidental Damage Protection,
1279,,,Intel Core Ultra 7 Processor,
1280,,,16 GB LPDDR5X RAM,
1281,,,Windows 11 Operating System,
1282,,,1 TB SSD,
1283,,,35.56 cm (14 Inch) Display,
1284,,,1 Year Carry-in Warranty,
1285,,,Intel Core i5 Processor (12th Gen),
1286,,,8 GB DDR4 RAM,
1287,,,Windows 11 Operating System,
1288,,,1 TB SSD,
1289,,,39.62 cm (15.6 Inch) Display,
1290,,,1 Year Onsite warranty,
1291,,,Intel Core i5 Processor (12th Gen),
1292,,,8 GB DDR4 RAM,
1293,,,64 bit Windows 11 Operating System,
1294,,,512 GB SSD,
1295,,,35.56 cm (14 Inch) Display,
1296,,,1 Year Domestic Warranty,
1297,,,Intel Core i3 Processor (13th Gen),
1298,,,8 GB LPDDR4X RAM,
1299,,,Windows 11 Operating System,
1300,,,512 GB SSD,
1301,,,40.64 cm (16 inch) Display,
1302,,,NA,
1303,,,1 Year Onsite Warranty,
1304,,,Intel Core i7 Processor (12th Gen),
1305,,,16 GB DDR4 RAM,
1306,,,64 bit Windows 11 Operating System,
1307,,,512 GB SSD,
1308,,,35.56 cm (14 Inch) Display,
1309,,,1 Year Domestic Warranty,
1310,,,AMD Ryzen 3 Quad Core Processor,
1311,,,8 GB LPDDR5 RAM,
1312,,,Windows 11 Operating System,
1313,,,512 GB SSD,
1314,,,35.56 cm (14 Inch) Display,
1315,,,Microsoft Office Home & Student 2021,
1316,,,1 Year Onsite Warranty,
1317,,,Intel Celeron Dual Core Processor,
1318,,,4 GB LPDDR4X RAM,
1319,,,Chrome Operating System,
1320,,,35.56 cm (14 Inch) Display,
1321,,,1 Year Onsite Warranty,
1322,,,Intel Core i5 Processor (13th Gen),
1323,,,16 GB DDR4 RAM,
1324,,,64 bit Windows 11 Operating System,
1325,,,512 GB SSD,
1326,,,35.56 cm (14 inch) Display,
1327,,,MS OFFICE,
1328,,,3 year Onsite Warranty,
1329,,,Intel Core i3 Processor (12th Gen),
1330,,,8 GB DDR4 RAM,
1331,,,Windows 11 Operating System,
1332,,,512 GB SSD,
1333,,,39.62 cm (15.6 Inch) Display,
1334,,,Microsoft Office Home & Student 2021,
1335,,,1 Year Onsite Warranty,
1336,,,Intel Core i5 Processor (13th Gen),
1337,,,16 GB DDR5 RAM,
1338,,,Windows 11 Operating System,
1339,,,512 GB SSD,
1340,,,40.89 cm (16.1 Inch) Display,
1341,,,1 Year Onsite Warranty,
1342,,,AMD Ryzen 3 Dual Core Processor,
1343,,,8 GB DDR4 RAM,
1344,,,64 bit Windows 11 Operating System,
1345,,,512 GB SSD,
1346,,,39.62 cm (15.6 inch) Display,
1347,,,Windows 11,
1348,,,1 Year,
1349,,,Intel Core i3 Processor (12th Gen),
1350,,,8 GB DDR4 RAM,
1351,,,Windows 11 Operating System,
1352,,,512 GB SSD,
1353,,,100.58 cm (39.6 cm) Display,
1354,,,1 Year Onsite warranty,
1355,,,AMD Ryzen 5 Quad Core Processor,
1356,,,16 GB LPDDR5 RAM,
1357,,,Windows 11 Operating System,
1358,,,512 GB SSD,
1359,,,39.62 cm (15.6 Inch) Display,
1360,,,1 Year Onsite Warranty,
1361,,,Intel Core i5 Processor (11th Gen),
1362,,,16 GB DDR4 RAM,
1363,,,Linux/Ubuntu Operating System,
1364,,,512 GB SSD,
1365,,,35.56 cm (14 inch) Display,
1366,,,3 year domestic,
1367,,,Intel Core i5 Processor (12th Gen),
1368,,,8 GB DDR4 RAM,
1369,,,Windows 11 Operating System,
1370,,,512 GB SSD,
1371,,,40.64 cm (16 Inch) Display,
1372,,,1 Year Onsite Warranty,
1373,,,Intel Core i5 Processor (12th Gen),
1374,,,16 GB DDR4 RAM,
1375,,,Windows 11 Operating System,
1376,,,512 GB SSD,
1377,,,39.62 cm (15.6 Inch) Display,
1378,,,1 Year Onsite Hardware Service,
1379,,,Intel Core i5 Processor (12th Gen),
1380,,,8 GB DDR4 RAM,
1381,,,Windows 11 Operating System,
1382,,,512 GB SSD,
1383,,,39.62 cm (15.6 Inch) Display,
1384,,,1 Year Onsite Warranty,
1385,,,Intel Core i3 Processor,
1386,,,8 GB DDR4 RAM,
1387,,,Windows 11 Operating System,
1388,,,512 GB SSD,
1389,,,39.62 cm (15.6 Inch) Display,
1390,,,1 Year Onsite Warranty,
1391,,,Intel Core i3 Processor (13th Gen),
1392,,,8 GB LPDDR5 RAM,
1393,,,Windows 11 Operating System,
1394,,,512 GB SSD,
1395,,,35.56 cm (14 Inch) Display,
1396,,,1 Yr Onsite,
1397,,,Intel Core i5 Processor (12th Gen),
1398,,,12 GB DDR5 RAM,
1399,,,Windows 11 Home Operating System,
1400,,,512 GB SSD,
1401,,,39.62 cm (15.6 inch) Display,
1402,,,1 Year Carry-in Warranty,
1403,,,AMD Ryzen 5 Hexa Core Processor,
1404,,,16 GB DDR5 RAM,
1405,,,Windows 11 Operating System,
1406,,,512 GB SSD,
1407,,,39.62 cm (15.6 Inch) Display,
1408,,,1 Year International Travelers Warranty (ITW),
1409,,,Intel Core i7 Processor (12th Gen),
1410,,,16 GB DDR4 RAM,
1411,,,64 bit Windows 11 Operating System,
1412,,,512 GB SSD,
1413,,,35.56 cm (14 Inch) Display,
1414,,,1 Year Domestic Warranty,
1415,,,Intel Core i5 Processor (13th Gen),
1416,,,16 GB LPDDR5 RAM,
1417,,,Windows 11 Operating System,
1418,,,1 TB SSD,
1419,,,40.64 cm (16 inch) Display,
1420,,,1Yr Warranty + 1 Yr Premium Care and 1 Yr Accidental Damage Protection,
1421,,,Intel Core i5 Processor (12th Gen),
1422,,,8 GB DDR4 RAM,
1423,,,Windows 11 Operating System,
1424,,,512 GB SSD,
1425,,,39.62 cm (15.6 Inch) Display,
1426,,,2 Year Onsite Warranty,
1427,,,Intel Celeron Quad Core Processor (12th Gen),
1428,,,8 GB LPDDR5 RAM,
1429,,,64 bit Windows 11 Home Operating System,
1430,,,256 GB SSD,
1431,,,39.62 cm (15.6 inch) Display,
1432,,,"WPS Office, Operating System Software",
1433,,,1 Year Onsite Warranty,
1434,,,Intel Core Ultra 7 Processor,
1435,,,16 GB LPDDR5X RAM,
1436,,,Windows 11 Operating System,
1437,,,1 TB SSD,
1438,,,35.56 cm (14 Inch) Display,
1439,,,1 Year Carry-in Warranty,
1440,,,AMD Ryzen 3 Quad Core Processor,
1441,,,8 GB LPDDR5 RAM,
1442,,,Windows 11 Operating System,
1443,,,512 GB SSD,
1444,,,35.56 cm (14 Inch) Display,
1445,,,Microsoft Office Home & Student 2021,
1446,,,1 Year Onsite Warranty,
1447,,,Intel Core i5 Processor (13th Gen),
1448,,,16 GB DDR4 RAM,
1449,,,Windows 11 Operating System,
1450,,,512 GB SSD,
1451,,,39.62 cm (15.6 Inch) Display,
1452,,,1 Year Onsite Warranty,
1453,,,Intel Core i3 Processor (13th Gen),
1454,,,8 GB LPDDR4X RAM,
1455,,,Windows 11 Operating System,
1456,,,512 GB SSD,
1457,,,40.64 cm (16 inch) Display,
1458,,,NA,
1459,,,1 Year Onsite Warranty,
1460,,,Intel Core i5 Processor (13th Gen),
1461,,,16 GB DDR4 RAM,
1462,,,Windows 11 Operating System,
1463,,,512 GB SSD,
1464,,,35.56 cm (14 inch) Display,
1465,,,1 Year Onsite Warranty,
1466,,,AMD Ryzen 5 Hexa Core Processor,
1467,,,16 GB DDR4 RAM,
1468,,,Windows 11 Operating System,
1469,,,512 GB SSD,
1470,,,39.62 cm (15.6 Inch) Display,
1471,,,1 Year Carry-in Warranty,
1472,,,Intel Core i5 Processor (13th Gen),
1473,,,16 GB DDR4 RAM,
1474,,,Windows 11 Operating System,
1475,,,512 GB SSD,
1476,,,39.62 cm (15.6 inch) Display,
1477,,,1 Year Onsite Warranty,
